
> sanctissimissa@1.40.21223 build:release
> node scripts/release-state.mjs

🚀 Starting fresh release
[provision-secrets] SAM_KEYSTORE_PROPERTIES -> /home/robin/Desktop/devProjects/sanctissimissa/src-tauri/gen/android/keystore.properties (materialized from Admin-Manual pointer)
🔧 Stamp: npm run stamp

> sanctissimissa@1.40.21223 prestamp
> node scripts/sync-db.mjs

synced assets/missal.db -> public/missal.db (195137536 bytes)

> sanctissimissa@1.40.21223 stamp
> node scripts/stamp-version.mjs

Stamping version: 1.41.21298 (versionCode: 100041)
  ✓ Package.appxmanifest → 1.41.0.0
  ✓ version.txt → 1.41.21298
  ✓ version.json → 1.41.21298
  ✓ package.json → 1.41.21298
  ✓ package-lock.json → 1.41.21298
  ✓ src-tauri/tauri.conf.json → 1.41.21298
  ✓ src-tauri/Cargo.toml → 1.41.21298
     Locking 1 package to latest compatible version
    Updating sanctissimissa v1.40.21223 (/home/robin/Desktop/devProjects/sanctissimissa/src-tauri) -> v1.41.21298
note: pass `--verbose` to see 93 unchanged dependencies behind latest
[master de26d665] v1.41.21298: stamp complete release [skip ci]
 8 files changed, 23 insertions(+), 23 deletions(-)
🔒 Wrote sanctissimissa-release-state.json v1.41.21298
🔧 Stage: test

> sanctissimissa@1.41.21298 test
> node --experimental-strip-types --test tests/*.test.ts

(node:2269260) Warning: The 'NO_COLOR' env is ignored due to the 'FORCE_COLOR' env being set.
(Use `node --trace-warnings ...` to show where the warning was created)
(node:2269899) Warning: The 'NO_COLOR' env is ignored due to the 'FORCE_COLOR' env being set.
(Use `node --trace-warnings ...` to show where the warning was created)
[32m✔ SIDECAR_SCHEMA_SQL_V2 creates all sidecar v2 tables [90m(3.497293ms)[39m[39m
[32m✔ accompaniments carries tombstone + write-metadata + highlight columns [90m(1.476816ms)[39m[39m
[32m✔ occurrences and settings shapes match the §7.6 DDL [90m(2.8209ms)[39m[39m
[32m✔ date selector matches only the exact ISO date [90m(1.389195ms)[39m[39m
[32m✔ temporal selector follows a moveable feast across a year boundary [90m(1.336585ms)[39m[39m
[32m✔ sancti selector matches by MM-DD and by resolved winner key [90m(0.649173ms)[39m[39m
[32m✔ season selector is case-insensitive [90m(0.461592ms)[39m[39m
[32m✔ weekly recurrence matches its weekday (0 = Sunday) [90m(0.586462ms)[39m[39m
[32m✔ nth-weekday recurrence: First Friday [90m(2.261438ms)[39m[39m
[32m✔ malformed recurrence rules never match [90m(0.727863ms)[39m[39m
[32m✔ theme selector never matches a day (themes are facets) [90m(0.507732ms)[39m[39m
(node:2269900) Warning: The 'NO_COLOR' env is ignored due to the 'FORCE_COLOR' env being set.
(Use `node --trace-warnings ...` to show where the warning was created)
[32m✔ alignPhrase - exact forward Latin to English endpoints [90m(9.449215ms)[39m[39m
[32m✔ alignPhrase - exact reverse English to Latin endpoints [90m(0.982944ms)[39m[39m
[32m✔ alignPhrase - normalize reversed endpoints [90m(0.957064ms)[39m[39m
[32m✔ alignPhrase - reject collapsed selection [90m(0.308531ms)[39m[39m
[32m✔ alignPhrase - reject out-of-range line index [90m(0.554202ms)[39m[39m
[32m✔ alignPhrase - reject out-of-range character positions [90m(0.325811ms)[39m[39m
[32m✔ alignPhrase - reject missing translation [90m(0.300032ms)[39m[39m
[32m✔ alignPhrase - reject missing source text [90m(0.258931ms)[39m[39m
[32m✔ alignPhrase - reject negative start position [90m(0.313762ms)[39m[39m
[32m✔ alignPhrase - repeated source terms [90m(2.438749ms)[39m[39m
[32m✔ alignPhrase - one-character expansion/contraction [90m(1.241925ms)[39m[39m
[32m✔ alignPhrase - partial-word expansion/contraction [90m(1.397836ms)[39m[39m
[32m✔ alignPhrase - full-line-only-when-source-full-line [90m(0.598162ms)[39m[39m
[32m✔ alignPhrase - multi-line blocks [90m(0.603032ms)[39m[39m
[32m✔ alignPhrase - countsMatch reporting [90m(0.863213ms)[39m[39m
[32m✔ alignPhrase - method determination [90m(0.538052ms)[39m[39m
[32m✔ alignPhrase - both language directions with same selection [90m(1.356855ms)[39m[39m
[32m✔ alignPhrase - round-trip validation [90m(0.654132ms)[39m[39m
(node:2269906) Warning: The 'NO_COLOR' env is ignored due to the 'FORCE_COLOR' env being set.
(Use `node --trace-warnings ...` to show where the warning was created)
[32m✔ canon shape: 73 books, full chapter/verse graph [90m(60.858576ms)[39m[39m
[32m✔ known chapter counts [90m(0.913383ms)[39m[39m
[32m✔ Gen 1:1 exact text, both languages [90m(0.434471ms)[39m[39m
[32m✔ psalms use Vulgate/LXX numbering in both languages [90m(0.551462ms)[39m[39m
[32m✔ deuterocanonicals carry Latin from the vendored supplement (2026-08-17) [90m(75.69762ms)[39m[39m
[32m✔ CITES edges link liturgy to scripture with quality meta [90m(107.82371ms)[39m[39m
[32m✔ verses are searchable via FTS and carry embeddings [90m(17.107364ms)[39m[39m
[32m✔ getBooks: 73 books in canon order, supplement books flagged Latin [90m(6.801505ms)[39m[39m
[32m✔ getChapter: Gen 1 has 31 ordered bilingual verses [90m(29.692801ms)[39m[39m
[32m✔ getVerseRange: Ps/22/1-3 returns three verses [90m(1.727026ms)[39m[39m
[32m✔ citationsOf + liturgyCitingChapter: liturgy↔scripture is bidirectional [90m(121.478022ms)[39m[39m
(node:2269907) Warning: The 'NO_COLOR' env is ignored due to the 'FORCE_COLOR' env being set.
(Use `node --trace-warnings ...` to show where the warning was created)
▶ BS.1R2 Bible Echo Contract
  ▶ Source contract tests
    [32m✔ align.ts has exactly one PhraseAlignment interface [90m(2.029388ms)[39m[39m
    [32m✔ align.ts has at most one PhraseSelectionInput interface [90m(0.671532ms)[39m[39m
    [32m✔ SectionReader.tsx imports SelectionEcho from BilingualText.tsx [90m(0.550292ms)[39m[39m
    [32m✔ SectionReader.tsx declares livePhraseEcho typed as SelectionEcho | null [90m(0.647393ms)[39m[39m
    [32m✔ SectionReader.tsx reciprocal branch consumes dstStart AND dstEnd [90m(0.634762ms)[39m[39m
    [32m✔ SectionReader.tsx reciprocal range is NOT carried only by echoVerse [90m(0.638552ms)[39m[39m
    [32m✔ SectionReader.tsx has selectionEcho rendering in both panes (count >= 2) [90m(0.839123ms)[39m[39m
    [32m✔ SectionReader.tsx does NOT have renderWithSelectionEcho local workaround [90m(0.840544ms)[39m[39m
    [32m✔ SectionReader.tsx does NOT have direct <mark className="selection-echo"> workaround [90m(0.843343ms)[39m[39m
  [32m✔ Source contract tests [90m(10.231688ms)[39m[39m
  ▶ Behavioral tests with stub EchoDb
    [32m✔ alignPhrase returns valid dstStart/dstEnd within dstLine bounds [90m(4.683278ms)[39m[39m
    [32m✔ alignPhrase round-trips to correct substring in dstLine [90m(0.845184ms)[39m[39m
    [32m✔ alignPhrase Latin→English returns correct reciprocal language [90m(0.460802ms)[39m[39m
    [32m✔ alignPhrase English→Latin returns correct reciprocal language [90m(0.454172ms)[39m[39m
    [32m✔ alignPhrase forward endpoints work correctly [90m(0.880793ms)[39m[39m
    [32m✔ alignPhrase reverse endpoints work correctly (start > end) [90m(0.550802ms)[39m[39m
    [32m✔ alignPhrase expanding selection returns larger range [90m(5.333909ms)[39m[39m
    [32m✔ alignPhrase contracting selection returns smaller range [90m(0.663672ms)[39m[39m
    [32m✔ alignPhrase full source line maps to full destination line [90m(0.438332ms)[39m[39m
    [32m✔ alignPhrase strict sub-phrase never returns whole line [90m(0.363951ms)[39m[39m
    [32m✔ alignPhrase one-character selection returns valid range [90m(0.275341ms)[39m[39m
    [32m✔ alignPhrase partial-word boundary works [90m(0.323261ms)[39m[39m
    [32m✔ alignPhrase handles repeated source phrases [90m(1.007164ms)[39m[39m
  [32m✔ Behavioral tests with stub EchoDb [90m(17.462105ms)[39m[39m
[32m✔ BS.1R2 Bible Echo Contract [90m(28.949207ms)[39m[39m
(node:2269913) Warning: The 'NO_COLOR' env is ignored due to the 'FORCE_COLOR' env being set.
(Use `node --trace-warnings ...` to show where the warning was created)
[32m✔ reciprocal Latin/English queries choose correct primary [90m(4.202105ms)[39m[39m
[32m✔ original diacritics retained in output [90m(0.831453ms)[39m[39m
[32m✔ multiple match spans found and mapped correctly [90m(3.227162ms)[39m[39m
[32m✔ case-insensitive query matches correctly [90m(0.536552ms)[39m[39m
[32m✔ missing companion handled gracefully [90m(0.429222ms)[39m[39m
[32m✔ no result loss when both languages present [90m(0.409622ms)[39m[39m
[32m✔ empty block returns empty result [90m(0.566612ms)[39m[39m
[32m✔ empty query returns no matches [90m(0.598282ms)[39m[39m
[32m✔ Latin preferred on deterministic tie [90m(1.121094ms)[39m[39m
[32m✔ ligature normalization preserved in original text [90m(1.431725ms)[39m[39m
[32m✔ companion ordering is primary then other language [90m(0.872113ms)[39m[39m
[32m✔ best line selection based on match count [90m(0.362342ms)[39m[39m
[32m✔ clause score used when both languages contain query [90m(0.402651ms)[39m[39m
(node:2269919) Warning: The 'NO_COLOR' env is ignored due to the 'FORCE_COLOR' env being set.
(Use `node --trace-warnings ...` to show where the warning was created)
▶ bilingual bang-line presentation
  [32m✔ preserves the two reported English Ordo rubric translations [90m(3.385323ms)[39m[39m
  [32m✔ deduplicates only genuinely equal visible bang-line bodies [90m(0.397922ms)[39m[39m
  [32m✔ never renders specials controls through the display branch [90m(0.499812ms)[39m[39m
  [32m✔ classifies ordinary lines outside the bang-line branch [90m(0.361671ms)[39m[39m
  [32m✔ wires the semantic policy into the interleaved renderer [90m(1.034424ms)[39m[39m
[32m✔ bilingual bang-line presentation [90m(8.656831ms)[39m[39m
(node:2269931) Warning: The 'NO_COLOR' env is ignored due to the 'FORCE_COLOR' env being set.
(Use `node --trace-warnings ...` to show where the warning was created)
▶ placeFloatingCallout
  [32m✔ places above when there is room above and below prefers above [90m(2.66521ms)[39m[39m
  [32m✔ places below when above does not fit but below does [90m(0.422911ms)[39m[39m
  [32m✔ chooses side with more room when neither fully fits [90m(0.325891ms)[39m[39m
  [32m✔ clamps to viewport inset horizontally [90m(0.285101ms)[39m[39m
  [32m✔ clamps to viewport inset horizontally on right edge [90m(0.535412ms)[39m[39m
  [32m✔ clamps to viewport inset vertically above [90m(0.321181ms)[39m[39m
  [32m✔ clamps to viewport inset vertically below [90m(0.463252ms)[39m[39m
  [32m✔ avoids intersecting anchor when both sides have room [90m(0.968563ms)[39m[39m
  [32m✔ handles two-line callout size [90m(3.585083ms)[39m[39m
  [32m✔ handles five-line callout size [90m(0.525932ms)[39m[39m
  [32m✔ prefers above for middle anchor with equal room [90m(0.285521ms)[39m[39m
  [32m✔ places below for bottom anchor when above has less room [90m(0.244351ms)[39m[39m
  [32m✔ handles custom gap parameter [90m(0.189211ms)[39m[39m
[32m✔ placeFloatingCallout [90m(13.825931ms)[39m[39m
(node:2269932) Warning: The 'NO_COLOR' env is ignored due to the 'FORCE_COLOR' env being set.
(Use `node --trace-warnings ...` to show where the warning was created)
▶ BX.1R (1) behavioral idempotence
  [32m✔ reconcileCallout returns the same reference when anchor and placement are unchanged [90m(1.862497ms)[39m[39m
  [32m✔ reconcileCallout allocates a new reference when the anchor changes [90m(0.994034ms)[39m[39m
  [32m✔ reconcileCallout allocates a new reference when the placement changes [90m(0.452152ms)[39m[39m
  [32m✔ reconcileCallout allocates when placement was previously undefined [90m(0.282411ms)[39m[39m
  [32m✔ placementsEqual is reflexive [90m(0.261561ms)[39m[39m
  [32m✔ placementsEqual is symmetric [90m(0.257231ms)[39m[39m
  [32m✔ placementsEqual discriminates left, top and side [90m(0.310471ms)[39m[39m
[32m✔ BX.1R (1) behavioral idempotence [90m(13.51941ms)[39m[39m
▶ BX.1R (2) SectionReader source-contract loop guard
  [32m✔ measurement effect is keyed on the echo identity, never on the whole callout [90m(1.869206ms)[39m[39m
  [32m✔ every measurement/resize setCallout updater goes through reconcileCallout [90m(0.898244ms)[39m[39m
  [32m✔ resize path re-measures the live anchor element and never a stored hover-time rect [90m(1.418485ms)[39m[39m
  [32m✔ a null/detached anchor element clears the callout [90m(0.475902ms)[39m[39m
[32m✔ BX.1R (2) SectionReader source-contract loop guard [90m(5.39188ms)[39m[39m
▶ BX.1R (3) termination simulation
  [32m✔ reaches a fixed point in exactly one state mutation [90m(0.350861ms)[39m[39m
[32m✔ BX.1R (3) termination simulation [90m(0.531422ms)[39m[39m
(node:2269938) Warning: The 'NO_COLOR' env is ignored due to the 'FORCE_COLOR' env being set.
(Use `node --trace-warnings ...` to show where the warning was created)
[32m✔ splitClauses offsets are exact into the original string [90m(2.579419ms)[39m[39m
[32m✔ splitClauses keeps the delimiter with the preceding clause [90m(0.423422ms)[39m[39m
[32m✔ splitClauses merges fragments shorter than 25 chars into a neighbour [90m(0.516302ms)[39m[39m
[32m✔ splitClauses returns [] on empty and whitespace-only input [90m(1.560416ms)[39m[39m
[32m✔ bestClause is deterministic — same input twice gives identical result [90m(3.191942ms)[39m[39m
[32m✔ bestClause picks the clause containing the query subject [90m(0.702323ms)[39m[39m
[32m✔ bestClause returns null on empty text and the sole clause when only one exists [90m(0.668453ms)[39m[39m
(node:2269945) Warning: The 'NO_COLOR' env is ignored due to the 'FORCE_COLOR' env being set.
(Use `node --trace-warnings ...` to show where the warning was created)
[32m✔ Butcher computus matches known Easter dates [90m(2.169498ms)[39m[39m
[32m✔ week keys match DO conventions [90m(1.534316ms)[39m[39m
[32m✔ seasons and colors derive from week keys [90m(0.721093ms)[39m[39m
[32m✔ 1960 occurrence: privileged Lenten ferias, Sundays, feasts of the Lord [90m(0.895713ms)[39m[39m
[32m✔ feast-title color fallback: Precious Blood, Cross, Apostles, Cathedra [90m(0.372241ms)[39m[39m
[32m✔ dateForWeekKey inverts getWeekKey near a reference date [90m(15.624488ms)[39m[39m
(node:2269951) Warning: The 'NO_COLOR' env is ignored due to the 'FORCE_COLOR' env being set.
(Use `node --trace-warnings ...` to show where the warning was created)
[32m✔ CONCEPTS is a non-empty array [90m(14.774685ms)[39m[39m
[32m✔ every concept has required fields [90m(0.612483ms)[39m[39m
[32m✔ concept ids are unique [90m(2.59355ms)[39m[39m
[32m✔ broader references point to existing concept ids [90m(0.426352ms)[39m[39m
[32m✔ doxology concept is present and has detection patterns [90m(0.251561ms)[39m[39m
[32m✔ section-name-based concepts cover major Mass parts [90m(0.345251ms)[39m[39m
[32m✔ hierarchy forms a valid tree (no cycles) [90m(0.396411ms)[39m[39m
[32m✔ concordance hits hydrate both languages [90m(21.333379ms)[39m[39m
[32m✔ vector/nucleated candidate counts are unchanged [90m(1052.861275ms)[39m[39m
[32m✔ reciprocal companion data exists when stored [90m(0.541322ms)[39m[39m
(node:2269957) Warning: The 'NO_COLOR' env is ignored due to the 'FORCE_COLOR' env being set.
(Use `node --trace-warnings ...` to show where the warning was created)
[32m✔ embedding is deterministic and self-similar [90m(4.404817ms)[39m[39m
[32m✔ related texts score higher than unrelated [90m(1.401015ms)[39m[39m
[32m✔ normalization strips liturgical diacritics [90m(0.429471ms)[39m[39m
(node:2269965) Warning: The 'NO_COLOR' env is ignored due to the 'FORCE_COLOR' env being set.
(Use `node --trace-warnings ...` to show where the warning was created)
[32m✔ HTML export contains bilingual sections [90m(8.589382ms)[39m[39m
[32m✔ Markdown export has headings and bilingual content [90m(0.623843ms)[39m[39m
[32m✔ JSON export is valid JSON with meta and entries [90m(0.578662ms)[39m[39m
[32m✔ Bang-line control characters are stripped from export [90m(0.922013ms)[39m[39m
(node:2269972) Warning: The 'NO_COLOR' env is ignored due to the 'FORCE_COLOR' env being set.
(Use `node --trace-warnings ...` to show where the warning was created)
[32m✔ legacy sidecar migrates journal, settings, device and tombstones without changing old bytes [90m(245.981574ms)[39m[39m
[32m✔ current sidecar wins over legacy and persist/reopen keeps current edits and deletions [90m(48.670431ms)[39m[39m
[32m✔ opening and persisting a fresh sidecar never creates an absent legacy database [90m(26.253657ms)[39m[39m
[32m✔ wrong current byte type (string) rejects without falling back or overwriting either store [90m(13.27986ms)[39m[39m
[32m✔ wrong current byte type (null) rejects without falling back or overwriting either store [90m(12.337036ms)[39m[39m
[32m✔ wrong current byte type (undefined) rejects without falling back or overwriting either store [90m(8.17314ms)[39m[39m
[32m✔ wrong current byte type (ArrayBuffer) rejects without falling back or overwriting either store [90m(6.484574ms)[39m[39m
[32m✔ invalid current SQLite bytes reject without replacing them with valid legacy data [90m(10.735549ms)[39m[39m
[32m✔ invalid legacy SQLite bytes reject before any migration record is written [90m(6.078683ms)[39m[39m
[32m✔ a current read transaction aborted after request success rejects without legacy fallback [90m(14.123872ms)[39m[39m
[32m✔ migration rejects a transaction aborted after put success and leaves legacy bytes available for retry [90m(23.858319ms)[39m[39m
[32m✔ annotations fall back to legacy, write only the new key and keep an empty new list authoritative [90m(1.740806ms)[39m[39m
[32m✔ an existing malformed annotation value is guarded and does not fall back to legacy [90m(0.511692ms)[39m[39m
[32m✔ sidecar annotation import uses only a present current key and remains idempotent after reopen [90m(22.069032ms)[39m[39m
[32m✔ sidecar import respects a empty current annotation value without resurrecting legacy entries [90m(14.342703ms)[39m[39m
[32m✔ sidecar import respects a malformed current annotation value without resurrecting legacy entries [90m(16.808023ms)[39m[39m
[32m✔ sidecar import combines legacy keys only when the current key is absent and stays idempotent [90m(15.860649ms)[39m[39m
(node:2269979) Warning: The 'NO_COLOR' env is ignored due to the 'FORCE_COLOR' env being set.
(Use `node --trace-warnings ...` to show where the warning was created)
[32m✔ parseDOFile splits sections and keeps qualifiers [90m(2.64967ms)[39m[39m
[32m✔ parseRank extracts class, number and vide cross-ref [90m(0.708973ms)[39m[39m
[32m✔ parseCitation understands DO notation in both languages [90m(0.781212ms)[39m[39m
[32m✔ scripture lookup serves Vulgate Latin and Douay-Rheims English [90m(174.981399ms)[39m[39m
[32m✔ &Gloria macro expands language-correctly from vendored Prayers.txt [90m(13.354119ms)[39m[39m
[32m✔ broken include falls back and never throws [90m(5.769561ms)[39m[39m
(node:2270005) Warning: The 'NO_COLOR' env is ignored due to the 'FORCE_COLOR' env being set.
(Use `node --trace-warnings ...` to show where the warning was created)
▶ BX.2 inspectorLayout
  ▶ clampInspectorWidth
    [32m✔ returns null for null preference (inspector hidden) [90m(5.44377ms)[39m[39m
    [32m✔ uses default for non-finite preferences [90m(0.483571ms)[39m[39m
    [32m✔ uses default for invalid types [90m(0.504742ms)[39m[39m
    [32m✔ enforces minimum width of 280px [90m(0.605403ms)[39m[39m
    [32m✔ enforces absolute maximum of 720px [90m(0.648292ms)[39m[39m
    [32m✔ enforces viewport fraction maximum (60%) [90m(0.360361ms)[39m[39m
    [32m✔ chooses smaller of absolute max and fraction max [90m(1.690897ms)[39m[39m
    [32m✔ passes through valid preferences within range [90m(0.412202ms)[39m[39m
    [32m✔ is idempotent (clamping the same value twice gives same result) [90m(1.010694ms)[39m[39m
    [32m✔ responds deterministically to viewport changes [90m(0.568172ms)[39m[39m
    [32m✔ handles viewport changes for stored preferences [90m(2.096168ms)[39m[39m
    [32m✔ clamps out-of-range preferences to valid range [90m(0.254131ms)[39m[39m
    [32m✔ handles edge case preferences [90m(0.477801ms)[39m[39m
  [32m✔ clampInspectorWidth [90m(19.958024ms)[39m[39m
  ▶ getMaxInspectorWidth
    [32m✔ returns 60% of viewport for narrow viewports [90m(0.765473ms)[39m[39m
    [32m✔ caps at absolute max of 720px for wide viewports [90m(0.252841ms)[39m[39m
    [32m✔ returns integer values [90m(0.263641ms)[39m[39m
  [32m✔ getMaxInspectorWidth [90m(1.640856ms)[39m[39m
  ▶ isNarrowViewport
    [32m✔ returns true for viewports below 860px [90m(0.321131ms)[39m[39m
    [32m✔ returns false for viewports at or above 860px [90m(0.161831ms)[39m[39m
  [32m✔ isNarrowViewport [90m(0.753783ms)[39m[39m
  ▶ preference bounds validation
    [32m✔ all valid preferences are within [MIN_INSPECTOR_WIDTH, MAX_INSPECTOR_WIDTH] [90m(0.630702ms)[39m[39m
    [32m✔ fraction maximum never exceeds absolute maximum [90m(0.254601ms)[39m[39m
  [32m✔ preference bounds validation [90m(1.900677ms)[39m[39m
  ▶ deterministic behavior
    [32m✔ same inputs always produce same outputs [90m(0.382992ms)[39m[39m
    [32m✔ clamp order does not matter for idempotent values [90m(0.17304ms)[39m[39m
  [32m✔ deterministic behavior [90m(0.833783ms)[39m[39m
[32m✔ BX.2 inspectorLayout [90m(27.360062ms)[39m[39m
(node:2270006) Warning: The 'NO_COLOR' env is ignored due to the 'FORCE_COLOR' env being set.
(Use `node --trace-warnings ...` to show where the warning was created)
[32m✔ Haydock nuclei atomise, rank, evidence, and conserve the vector horizon [90m(2136.493076ms)[39m[39m
(node:2270012) Warning: The 'NO_COLOR' env is ignored due to the 'FORCE_COLOR' env being set.
(Use `node --trace-warnings ...` to show where the warning was created)
[32m✔ Lenten strip carries the Tract, never the Alleluia [90m(6.351313ms)[39m[39m
[32m✔ Paschal strip carries the doubled Alleluia, never the Gradual [90m(0.613952ms)[39m[39m
[32m✔ chants sit in their liturgical slot, after the Epistle [90m(0.487021ms)[39m[39m
[32m✔ strip is skeleton-only and spans both trunks in order [90m(0.450942ms)[39m[39m
[32m✔ stationForAnchor inverts proper, numbered and ordo anchors [90m(0.822413ms)[39m[39m
(node:2270018) Warning: The 'NO_COLOR' env is ignored due to the 'FORCE_COLOR' env being set.
(Use `node --trace-warnings ...` to show where the warning was created)
[32m✔ every proper station maps to a canonical DO section key [90m(1.822807ms)[39m[39m
[32m✔ subway topology: two trunks, ember loop between Oratio and Lectio [90m(1.261245ms)[39m[39m
[32m✔ seasonal chant switch: Tractus in Lent, no Alleluia; Paschal alleluia at Easter [90m(0.576472ms)[39m[39m
(node:2270029) Warning: The 'NO_COLOR' env is ignored due to the 'FORCE_COLOR' env being set.
(Use `node --trace-warnings ...` to show where the warning was created)
▶ massSpecials
  [32m✔ never emits !* or bare !& control lines [90m(3.595313ms)[39m[39m
  [32m✔ keeps Judica block on ordinary Sunday (Introibo hook false) [90m(0.661413ms)[39m[39m
  [32m✔ omits Judica block in Passiontide [90m(0.463472ms)[39m[39m
  [32m✔ omits Judica block in Requiem [90m(0.562742ms)[39m[39m
  [32m✔ omits !*S incense block when Low Mass (solemn=false) [90m(0.415702ms)[39m[39m
  [32m✔ keeps !*S incense block when Solemn [90m(0.385251ms)[39m[39m
  [32m✔ shows !*D defunct-only rubric only in Requiem [90m(0.530742ms)[39m[39m
  [32m✔ bilingual lockstep drops English with Latin skips [90m(0.992504ms)[39m[39m
[32m✔ massSpecials [90m(14.640574ms)[39m[39m
▶ line classifiers
  [32m✔ detects specials controls [90m(0.564042ms)[39m[39m
  [32m✔ detects scripture citations [90m(1.117554ms)[39m[39m
[32m✔ line classifiers [90m(2.159988ms)[39m[39m
(node:2270030) Warning: The 'NO_COLOR' env is ignored due to the 'FORCE_COLOR' env being set.
(Use `node --trace-warnings ...` to show where the warning was created)
[32m✔ lowercases uppercase text [90m(2.61276ms)[39m[39m
[32m✔ strips combining diacritics via NFD [90m(0.580493ms)[39m[39m
[32m✔ maps liturgical ligatures [90m(0.409772ms)[39m[39m
[32m✔ collapses non-letters to spaces [90m(0.579242ms)[39m[39m
[32m✔ preserves letter content through mixed input [90m(0.358171ms)[39m[39m
[32m✔ handles empty and whitespace-only input [90m(0.285171ms)[39m[39m
[32m✔ user input without diacritics matches corpus form [90m(0.496172ms)[39m[39m
[32m✔ ligature variant matches expanded form [90m(0.322911ms)[39m[39m
(node:2270038) Warning: The 'NO_COLOR' env is ignored due to the 'FORCE_COLOR' env being set.
(Use `node --trace-warnings ...` to show where the warning was created)
[32m✔ office plane ingested: schema baselines [90m(4.051825ms)[39m[39m
[32m✔ Sunday Lauds (Pent VI, 2026-07-05) builds full psalmody + frame [90m(19.911654ms)[39m[39m
[32m✔ Sunday Matins builds invitatory, nocturns, lessons, Te Deum [90m(9.678616ms)[39m[39m
[32m✔ feast Vespers (Most Precious Blood, 2026-07-01) uses proper antiphons + collect [90m(8.09136ms)[39m[39m
[32m✔ Compline carries Nunc dimittis and the seasonal Marian antiphon [90m(7.544398ms)[39m[39m
[32m✔ every hour of an arbitrary week renders non-empty, real text [90m(181.107654ms)[39m[39m
[32m✔ O-6: Nativity (2025-12-25) proper antiphons + 9 lessons + Te Deum [90m(8.988983ms)[39m[39m
[32m✔ O-9: Lenten feria (2026-03-06) — no Te Deum, penitential character [90m(8.353221ms)[39m[39m
[32m✔ O-10: Paschaltide (2026-04-13) — alleluia in antiphons [90m(7.387177ms)[39m[39m
[32m✔ O-12: Marian antiphon changes by season [90m(15.715958ms)[39m[39m
[32m✔ O-16: 14 consecutive days (2026-07-05…07-18) — no empty hours, no placeholders [90m(325.467861ms)[39m[39m
(node:2270045) Warning: The 'NO_COLOR' env is ignored due to the 'FORCE_COLOR' env being set.
(Use `node --trace-warnings ...` to show where the warning was created)
[32m✔ every pericope ref parses <chapter>:<verseStart>[-<verseEnd>] [90m(5.993572ms)[39m[39m
[32m✔ every pericope book key exists in BOOK_MAP [90m(1.505205ms)[39m[39m
[32m✔ every referenced cluster id exists in SCENARIO_CLUSTERS [90m(0.906523ms)[39m[39m
[32m✔ pericope ids are unique and the spine has ≥50 entries [90m(0.395731ms)[39m[39m
[32m✔ at least one pericope spans all four Gospels (Feeding of the 5000) [90m(0.409632ms)[39m[39m
[32m✔ spot-check: pericope refs resolve to real Douay-Rheims verses [90m(42.745389ms)[39m[39m
(node:2270052) Warning: The 'NO_COLOR' env is ignored due to the 'FORCE_COLOR' env being set.
(Use `node --trace-warnings ...` to show where the warning was created)
Usage: node release-state.mjs [options]

Options:
  --help, -h         Show this help message and exit
  --restart          Copy existing state to outbox and start a fresh stamped release
  --resume-only      Continue matching existing state; never stamp
  --clean-only       Copy matching state to outbox; retain the active state

Release stages (run automatically):
  test               Run the test suite
  web                Build web/PWA
  linux              Build Linux deb and AppImage
  windows            Build Windows x64 standalone PE and NSIS installer
  windows-msi        Build the MSI installer (Windows host only)
  windows-msix       Build the MSIX package (Windows host only)
  android-debug      Build Android debug APK
  android-release    Build Android release APK and AAB
  symbols            Package Android native debug symbols
  collect            Collect and validate all release artifacts

The state file (sanctissimissa-release-state.json) enables resume after interruption:
- First run: stamps version and writes lock with empty completedStages
- Subsequent runs: resume at first incomplete stage (no stamp)
- Mismatched/corrupt locks: fail closed with remediation instructions
Usage: node release-state.mjs [options]

Options:
  --help, -h         Show this help message and exit
  --restart          Copy existing state to outbox and start a fresh stamped release
  --resume-only      Continue matching existing state; never stamp
  --clean-only       Copy matching state to outbox; retain the active state

Release stages (run automatically):
  test               Run the test suite
  web                Build web/PWA
  linux              Build Linux deb and AppImage
  windows            Build Windows x64 standalone PE and NSIS installer
  windows-msi        Build the MSI installer (Windows host only)
  windows-msix       Build the MSIX package (Windows host only)
  android-debug      Build Android debug APK
  android-release    Build Android release APK and AAB
  symbols            Package Android native debug symbols
  collect            Collect and validate all release artifacts

The state file (sanctissimissa-release-state.json) enables resume after interruption:
- First run: stamps version and writes lock with empty completedStages
- Subsequent runs: resume at first incomplete stage (no stamp)
- Mismatched/corrupt locks: fail closed with remediation instructions
❌ Choose at most one of --restart, --clean-only, --resume-only
🚀 Starting fresh release
🔒 Wrote sanctissimissa-release-state.json v2.17.34595
📦 Archived release state to /home/robin/Desktop/devProjects/sanctissimissa/tests/.tmp/test-1789277934248-h7olx1z30go/dist/rubric-runs/sanctissimissa-v2.17.34595-release-state.json; terminal state retained.
✅ All artifact build stages complete; release acceptance remains subject to the recorded platform/Store verification gates.
Use --restart to start a new stamped release.
🔄 Resuming release v2.17.34595
Completed stages: test, web
📦 Archived release state to /home/robin/Desktop/devProjects/sanctissimissa/tests/.tmp/test-1789277934287-pcce1ghnr4/dist/rubric-runs/sanctissimissa-v2.17.34595-release-state.json; terminal state retained.
✅ All artifact build stages complete; release acceptance remains subject to the recorded platform/Store verification gates.
Use --restart to start a new stamped release.
❌ Lock mismatch or corruption detected: Version, source HEAD, or input hashes differ
Remediation: npm run build:release -- --restart preserves this state and starts fresh.
❌ Lock mismatch or corruption detected: Version, source HEAD, or input hashes differ
Remediation: npm run build:release -- --restart preserves this state and starts fresh.
❌ Lock mismatch or corruption detected: Lock file contains invalid JSON
Remediation: npm run build:release -- --restart preserves this state and starts fresh.
🔄 Copied old lock to /home/robin/Desktop/devProjects/sanctissimissa/tests/.tmp/test-1789277934325-cwhgm6qaura/outbox/sanctissimissa/sanctissimissa-v2.17.34595-release-state-restarted-2026-09-13T05-38-54-326Z-7df5fb5e-1a98-4b42-b8e9-b5a67c4bd266.json
🚀 Starting fresh release
🔒 Wrote sanctissimissa-release-state.json v2.17.34595
📦 Archived release state to /home/robin/Desktop/devProjects/sanctissimissa/tests/.tmp/test-1789277934325-cwhgm6qaura/dist/rubric-runs/sanctissimissa-v2.17.34595-release-state.json; terminal state retained.
✅ All artifact build stages complete; release acceptance remains subject to the recorded platform/Store verification gates.
Use --restart to start a new stamped release.
📦 Copied lock to /home/robin/Desktop/devProjects/sanctissimissa/tests/.tmp/test-1789277934355-jtj1h5nsld/outbox/sanctissimissa/sanctissimissa-v2.17.34595-release-state-cleaned-2026-09-13T05-38-54-368Z-8c78956c-f4b3-4c71-ac52-d2bceb574db9.json; active state retained. Use --restart for a fresh release.
❌ Lock mismatch or corruption detected: Version, source HEAD, or input hashes differ
Remediation: npm run build:release -- --restart preserves this state and starts fresh.
🔄 Resuming release v2.17.34595
Completed stages: test, web, linux, windows, windows-msi, windows-msix, android-debug, android-release, symbols, collect
📦 Archived release state to /home/robin/Desktop/devProjects/sanctissimissa/tests/.tmp/test-1789277934385-ntesb29byll/dist/rubric-runs/sanctissimissa-v2.17.34595-release-state.json; terminal state retained.
✅ All artifact build stages complete; release acceptance remains subject to the recorded platform/Store verification gates.
Use --restart to start a new stamped release.
🚀 Starting fresh release
🔒 Wrote sanctissimissa-release-state.json v2.17.34595
▶ Unit tests: expandHomePath
  [32m✔ should expand ~ to home directory [90m(1.951888ms)[39m[39m
  [32m✔ should expand ~/path to home/path [90m(0.479552ms)[39m[39m
  [32m✔ should pass absolute paths unchanged [90m(0.568192ms)[39m[39m
  [32m✔ should pass relative paths unchanged [90m(1.414236ms)[39m[39m
  [32m✔ should reject ~user paths [90m(0.987814ms)[39m[39m
[32m✔ Unit tests: expandHomePath [90m(8.435622ms)[39m[39m
▶ Unit tests: STAGE_ORDER
  [32m✔ should define all required stages in canonical order [90m(2.109628ms)[39m[39m
  [32m✔ should have 10 stages total [90m(0.321491ms)[39m[39m
[32m✔ Unit tests: STAGE_ORDER [90m(3.242342ms)[39m[39m
▶ Unit tests: printUsage
  [32m✔ should be a function [90m(0.403911ms)[39m[39m
[32m✔ Unit tests: printUsage [90m(0.772043ms)[39m[39m
▶ Unit tests: main with injected deps
  [32m✔ should accept help flag and exit 0 without running commands [90m(4.803818ms)[39m[39m
  [32m✔ should accept -h as alias for --help and exit 0 [90m(2.068308ms)[39m[39m
  [32m✔ should reject --restart and --clean-only together [90m(1.703107ms)[39m[39m
  [32m✔ should run stamp once on fresh release [90m(38.960025ms)[39m[39m
  [32m✔ should resume without stamping when lock exists [90m(16.514562ms)[39m[39m
  [32m✔ should fail on mismatched version lock [90m(9.184044ms)[39m[39m
  [32m✔ should fail on mismatched sourceHead lock [90m(10.48999ms)[39m[39m
  [32m✔ should fail on corrupt JSON lock [90m(1.586585ms)[39m[39m
  [32m✔ should handle --restart flag [90m(29.752081ms)[39m[39m
  [32m✔ should handle --clean-only flag with matching lock [90m(15.196717ms)[39m[39m
  [32m✔ should fail --clean-only with mismatched lock [90m(13.991082ms)[39m[39m
  [32m✔ should exit 0 when all stages already completed [90m(12.062715ms)[39m[39m
  [32m✔ should propagate non-zero exit code from stage failure [90m(21.873581ms)[39m[39m
[32m✔ Unit tests: main with injected deps [90m(179.551668ms)[39m[39m
▶ Integration tests: Real CLI spawning
  ▶ --help flag
    [32m✔ should print usage and exit 0 [90m(83.751522ms)[39m[39m
    [32m✔ -h should be an alias for --help [90m(83.050788ms)[39m[39m
    [32m✔ should not read/write any files when --help is used [90m(59.811162ms)[39m[39m
  [32m✔ --help flag [90m(227.250325ms)[39m[39m
  ▶ Hermetic stub mode with RELEASE_STATE_RUNNER=stub
    [32m✔ should log stamp and stages to sanctissimissa-release-stage-events.log on fresh release [90m(87.103764ms)[39m[39m
    [32m✔ should resume without stamp when lock exists [90m(80.174589ms)[39m[39m
    [32m✔ should handle --restart in stub mode [90m(85.095176ms)[39m[39m
    [32m✔ should preserve corrupt lock byte-identically in stub mode [90m(56.177139ms)[39m[39m
    [32m✔ should preserve mismatched lock byte-identically in stub mode [90m(63.875828ms)[39m[39m
  [32m✔ Hermetic stub mode with RELEASE_STATE_RUNNER=stub [90m(373.18032ms)[39m[39m
  ▶ BT.2R3 controlled interrupt/resume (two real CLI spawns)
    [32m✔ two real CLI spawns prove controlled interrupt then resume (one stamp, each stage once) [90m(157.162148ms)[39m[39m
    [32m✔ corrupt interrupt receipt fails closed without mutating the lock [90m(68.603217ms)[39m[39m
    [32m✔ mismatched interrupt receipt fails closed without mutating the lock [90m(67.276521ms)[39m[39m
  [32m✔ BT.2R3 controlled interrupt/resume (two real CLI spawns) [90m(293.640499ms)[39m[39m
  ▶ --restart flag with real CLI
    [32m✔ should copy existing lock, start fresh and complete in one invocation [90m(85.673661ms)[39m[39m
    [32m✔ should exit 0 when no lock file exists [90m(101.198919ms)[39m[39m
  [32m✔ --restart flag with real CLI [90m(187.436751ms)[39m[39m
  ▶ --clean-only flag with real CLI
    [32m✔ should copy matching lock to outbox and keep it active [90m(72.33033ms)[39m[39m
    [32m✔ should fail closed when version mismatches [90m(76.584127ms)[39m[39m
❌ Lock mismatch or corruption detected: Lock file contains invalid JSON
Remediation: npm run build:release -- --restart preserves this state and starts fresh.
❌ Lock mismatch or corruption detected: Version, source HEAD, or input hashes differ
Remediation: npm run build:release -- --restart preserves this state and starts fresh.
❌ Lock mismatch or corruption detected: Version, source HEAD, or input hashes differ
Remediation: npm run build:release -- --restart preserves this state and starts fresh.
🚀 Starting fresh release
🔒 Wrote sanctissimissa-release-state.json v2.17.34595
⏳ Pending windows-msi: requires another host or earlier required stages.
⏳ Pending windows-msix: requires another host or earlier required stages.
⏳ Pending collect: requires another host or earlier required stages.
⏳ Release v2.17.34595 incomplete: windows-msi, windows-msix, collect
Continue the same source, version, inputs and state on the required host: npm run build:release -- --resume-only
🔄 Resuming release v2.17.34595
Completed stages: test, web, linux, windows, android-debug, android-release, symbols
⏳ Pending collect: requires another host or earlier required stages.
⏳ Release v2.17.34595 incomplete: collect
Continue the same source, version, inputs and state on the required host: npm run build:release -- --resume-only
🔄 Resuming release v2.17.34595
Completed stages: test, web, linux, windows, android-debug, android-release, symbols, windows-msi, windows-msix
📦 Archived release state to /home/robin/Desktop/devProjects/sanctissimissa/tests/.tmp/test-1789277935741-76ptnm6yc75/dist/rubric-runs/sanctissimissa-v2.17.34595-release-state.json; terminal state retained.
✅ All artifact build stages complete; release acceptance remains subject to the recorded platform/Store verification gates.
Use --restart to start a new stamped release.
🔄 Resuming release v2.17.34595
Completed stages: test, web, linux, windows, android-debug, android-release, symbols, windows-msi, windows-msix, collect
📦 Archived release state to /home/robin/Desktop/devProjects/sanctissimissa/tests/.tmp/test-1789277935741-76ptnm6yc75/dist/rubric-runs/sanctissimissa-v2.17.34595-release-state.json; terminal state retained.
✅ All artifact build stages complete; release acceptance remains subject to the recorded platform/Store verification gates.
Use --restart to start a new stamped release.
🚀 Starting fresh release
🔒 Wrote sanctissimissa-release-state.json v2.17.34595
⏳ Pending linux: requires another host or earlier required stages.
⏳ Pending windows: requires another host or earlier required stages.
⏳ Pending android-debug: requires another host or earlier required stages.
⏳ Pending android-release: requires another host or earlier required stages.
⏳ Pending symbols: requires another host or earlier required stages.
⏳ Pending collect: requires another host or earlier required stages.
⏳ Release v2.17.34595 incomplete: linux, windows, android-debug, android-release, symbols, collect
Continue the same source, version, inputs and state on the required host: npm run build:release -- --resume-only
🔄 Resuming release v2.17.34595
Completed stages: test, web, windows-msi, windows-msix
📦 Archived release state to /home/robin/Desktop/devProjects/sanctissimissa/tests/.tmp/test-1789277935794-j5az1cw73e/dist/rubric-runs/sanctissimissa-v2.17.34595-release-state.json; terminal state retained.
✅ All artifact build stages complete; release acceptance remains subject to the recorded platform/Store verification gates.
Use --restart to start a new stamped release.
❌ --resume-only requires an existing matching release state; no stamp was run.
🚀 Starting fresh release
❌ Previous stamp/commit was interrupted. No second stamp was run; resolve tracked changes, then use --restart to preserve it and start a new invocation.
❌ Previous stamp/commit was interrupted. No second stamp was run; resolve tracked changes, then use --restart to preserve it and start a new invocation.
🔄 Copied old lock to /home/robin/Desktop/devProjects/sanctissimissa/tests/.tmp/test-1789277935828-gpb7ysyi84w/outbox/sanctissimissa/sanctissimissa-v2.17.34595-release-state-restarted-2026-09-13T05-38-55-838Z-a54e83bf-9fee-4254-a64f-0cc2273911ea.json
🚀 Starting fresh release
🔒 Wrote sanctissimissa-release-state.json v2.18.34596
📦 Archived release state to /home/robin/Desktop/devProjects/sanctissimissa/tests/.tmp/test-1789277935828-gpb7ysyi84w/dist/rubric-runs/sanctissimissa-v2.18.34596-release-state.json; terminal state retained.
✅ All artifact build stages complete; release acceptance remains subject to the recorded platform/Store verification gates.
Use --restart to start a new stamped release.
❌ Lock mismatch or corruption detected: Lock file has invalid structure
Remediation: npm run build:release -- --restart preserves this state and starts fresh.
❌ Lock mismatch or corruption detected: Lock file has invalid structure
Remediation: npm run build:release -- --restart preserves this state and starts fresh.
❌ Lock mismatch or corruption detected: Lock file has invalid structure
Remediation: npm run build:release -- --restart preserves this state and starts fresh.
❌ Lock mismatch or corruption detected: Lock file has invalid structure
Remediation: npm run build:release -- --restart preserves this state and starts fresh.
🔄 Copied old lock to /home/robin/Desktop/devProjects/sanctissimissa/tests/.tmp/test-1789277935863-z8qo4lwbhuk/outbox/sanctissimissa/sanctissimissa-v2.17.34595-release-state-restarted-2026-09-13T05-38-55-864Z-b8ad3781-2579-40be-9f8e-fbbf630e1794.json
🚀 Starting fresh release
🔒 Wrote sanctissimissa-release-state.json v2.17.34595
📦 Archived release state to /home/robin/Desktop/devProjects/sanctissimissa/tests/.tmp/test-1789277935863-z8qo4lwbhuk/dist/rubric-runs/sanctissimissa-v2.17.34595-release-state.json; terminal state retained.
✅ All artifact build stages complete; release acceptance remains subject to the recorded platform/Store verification gates.
Use --restart to start a new stamped release.
❌ Lock mismatch or corruption detected: Version, source HEAD, or input hashes differ
Remediation: npm run build:release -- --restart preserves this state and starts fresh.
❌ Lock mismatch or corruption detected: Version, source HEAD, or input hashes differ
Remediation: npm run build:release -- --restart preserves this state and starts fresh.
❌ Release builds are forbidden on WSL; use native Linux or Windows.
❌ This release driver requires native Linux or Windows; no stamp was run.
🚀 Starting fresh release
🔒 Wrote sanctissimissa-release-state.json v2.17.34595
📦 Archived release state to /home/robin/Desktop/devProjects/sanctissimissa/tests/.tmp/test-1789277935907-u77gqzlffj/dist/rubric-runs/sanctissimissa-v2.17.34595-release-state.json; terminal state retained.
✅ All artifact build stages complete; release acceptance remains subject to the recorded platform/Store verification gates.
Use --restart to start a new stamped release.
    [32m✔ should fail closed when sourceHead mismatches [90m(72.694242ms)[39m[39m
  [32m✔ --clean-only flag with real CLI [90m(222.154871ms)[39m[39m
[32m✔ Integration tests: Real CLI spawning [90m(1304.384528ms)[39m[39m
▶ Byte-identical nonmutation tests
  [32m✔ should preserve corrupt lock byte-identically after failure [90m(1.734417ms)[39m[39m
  [32m✔ should preserve version-mismatched lock byte-identically after failure [90m(7.600539ms)[39m[39m
  [32m✔ should preserve sourceHead-mismatched lock byte-identically after failure [90m(7.756059ms)[39m[39m
[32m✔ Byte-identical nonmutation tests [90m(17.378075ms)[39m[39m
▶ RP.1 shared release across build hosts
  [32m✔ uses one stamp through Linux, Windows, then Linux collection [90m(52.513716ms)[39m[39m
  [32m✔ can start on Windows and defer Linux targets until a same-version Linux continuation [90m(33.552745ms)[39m[39m
  [32m✔ never stamps or writes state when resume-only has no existing state [90m(1.153695ms)[39m[39m
  [32m✔ persists an interrupted stamp and rejects ordinary/resume-only retries without stamping again [90m(32.566602ms)[39m[39m
  [32m✔ fails closed on structurally invalid state instead of silently starting fresh [90m(2.166858ms)[39m[39m
  [32m✔ restart preserves corrupt state byte-for-byte and runs a fresh stamp immediately [90m(24.04794ms)[39m[39m
  [32m✔ rejects changed corpus or environment inputs before resuming any stage [90m(17.751397ms)[39m[39m
  [32m✔ rejects WSL before stamping [90m(1.024284ms)[39m[39m
  [32m✔ rejects an unsupported production host before attempting Git or stamping [90m(0.974604ms)[39m[39m
  [32m✔ preserves a previous completed archive before replacing it [90m(22.107523ms)[39m[39m
  [32m✔ declares host eligibility without treating unsupported targets as successful [90m(0.755663ms)[39m[39m
[32m✔ RP.1 shared release across build hosts [90m(189.468359ms)[39m[39m
(node:2270053) Warning: The 'NO_COLOR' env is ignored due to the 'FORCE_COLOR' env being set.
(Use `node --trace-warnings ...` to show where the warning was created)
[32m✔ canonical book order preserves Genesis before Exodus before Psalms [90m(3.249343ms)[39m[39m
[32m✔ numeric chapter and verse order within each book [90m(1.946857ms)[39m[39m
[32m✔ duplicate keys at same verse are preserved without loss [90m(0.821603ms)[39m[39m
[32m✔ non-verse hits go to final Other group [90m(0.450542ms)[39m[39m
[32m✔ unknown book keys go to Other group [90m(0.344162ms)[39m[39m
[32m✔ exact input output multiset equality [90m(3.978525ms)[39m[39m
[32m✔ empty input returns empty result [90m(0.318201ms)[39m[39m
[32m✔ only non-verse hits returns only other group [90m(0.635003ms)[39m[39m
[32m✔ only verse hits returns only bible groups [90m(1.324775ms)[39m[39m
[32m✔ NT books appear after OT books in canonical order [90m(1.036114ms)[39m[39m
(node:2270070) Warning: The 'NO_COLOR' env is ignored due to the 'FORCE_COLOR' env being set.
(Use `node --trace-warnings ...` to show where the warning was created)
[32m✔ build-time defaults: app namespace, common scope, org-shared root [90m(2.267909ms)[39m[39m
[32m✔ resolveStorage: common scope stores under the derived org root [90m(1.481966ms)[39m[39m
[32m✔ resolveStorage: app scope stores app-private under the namespace [90m(0.268741ms)[39m[39m
[32m✔ org root derives from the first two labels for other identifier families [90m(0.286021ms)[39m[39m
[32m✔ empty namespace falls through to the packaged default [90m(0.634843ms)[39m[39m
(node:2270083) Warning: The 'NO_COLOR' env is ignored due to the 'FORCE_COLOR' env being set.
(Use `node --trace-warnings ...` to show where the warning was created)
▶ Theme registry
  [32m✔ has exactly eight families [90m(1.833227ms)[39m[39m
  [32m✔ includes the reference identities [90m(0.742203ms)[39m[39m
  [32m✔ has truthful picker labels [90m(0.416732ms)[39m[39m
  [32m✔ has default family as skeuomorphic [90m(0.277161ms)[39m[39m
  [32m✔ migrates legacy family ids on read [90m(0.702463ms)[39m[39m
[32m✔ Theme registry [90m(6.927186ms)[39m[39m
▶ Theme matrix structure (family × mode)
  [32m✔ has exactly one LIGHT cell and one DARK cell per family [90m(2.380858ms)[39m[39m
  [32m✔ every family cell defines all 14 core tokens, in both modes [90m(8.878733ms)[39m[39m
  [32m✔ REGRESSION: every family renders DIFFERENT tokens in dark mode (light ≠ dark) [90m(3.407382ms)[39m[39m
  [32m✔ families never declare the seasonal accent (data-color stays orthogonal) [90m(2.375169ms)[39m[39m
  [32m✔ mode-level element tokens exist once per mode and dark re-derives accent-soft [90m(1.642166ms)[39m[39m
  [32m✔ REGRESSION: no global dark block re-declares core family tokens [90m(1.446635ms)[39m[39m
  [32m✔ the root element follows the theme scheme [90m(0.521602ms)[39m[39m
[32m✔ Theme matrix structure (family × mode) [90m(21.885701ms)[39m[39m
▶ Family idioms
  [32m✔ skeuomorphic uses layered repeating-linear gradients for fabric [90m(0.707102ms)[39m[39m
  [32m✔ skeuomorphic has weft and warp patterns [90m(0.383691ms)[39m[39m
  [32m✔ skeuomorphic has piped/tented-fabric border [90m(0.305561ms)[39m[39m
  [32m✔ skeuomorphic has shallow inward tension shadow [90m(0.267771ms)[39m[39m
  [32m✔ retro-terminal is a phosphor CRT: mono chrome, green ink, amber rubric, scanlines [90m(0.503812ms)[39m[39m
  [32m✔ retro-terminal differs from skeuomorphic in at least four tokens [90m(0.449482ms)[39m[39m
[32m✔ Family idioms [90m(3.243722ms)[39m[39m
▶ HelloWord Glow
  [32m✔ dark cell uses the exact Midnight Nave palette [90m(0.470201ms)[39m[39m
  [32m✔ light cell is a real day-chapel variant (not the midnight palette) [90m(0.315671ms)[39m[39m
  [32m✔ has glow-pulse keyframes [90m(0.229881ms)[39m[39m
  [32m✔ has slow soft luminance pulse (no flashing, no text glow) [90m(0.679613ms)[39m[39m
  [32m✔ pulse colors are tokenized so the light cell pulses its own hue [90m(0.487902ms)[39m[39m
  [32m✔ has reduced-motion override that disables animation [90m(0.388091ms)[39m[39m
[32m✔ HelloWord Glow [90m(3.188783ms)[39m[39m
▶ Tokenized chrome (no raw colors in shared component rules)
  [32m✔ former hardcoded offenders consume tokens only [90m(0.825073ms)[39m[39m
  [32m✔ CKEditor chrome maps onto tokens (no stock save/cancel/link/highlight colors) [90m(0.651942ms)[39m[39m
[32m✔ Tokenized chrome (no raw colors in shared component rules) [90m(1.842407ms)[39m[39m
▶ Independent theme preference
  [32m✔ defaults malformed and missing preferences to parchment/system with glass off [90m(1.977688ms)[39m[39m
  [32m✔ migrates both legacy glass palettes while preserving an explicit off preference [90m(0.433022ms)[39m[39m
  [32m✔ accepts booleans and the sidecar 1/0 encoding without truthy coercion [90m(0.246401ms)[39m[39m
  [32m✔ applies every palette and mode with glass on/off without modifying the seasonal color [90m(1.040994ms)[39m[39m
[32m✔ Independent theme preference [90m(4.202395ms)[39m[39m
▶ Theme preference persistence
  [32m✔ round-trips local preferences across every palette, mode preference and glass value [90m(3.475213ms)[39m[39m
  [32m✔ round-trips sidecar preferences and also updates the normalized local cache [90m(0.736003ms)[39m[39m
  [32m✔ valid sidecar fields take precedence while absent and corrupt fields retain local values [90m(0.474802ms)[39m[39m
  [32m✔ migrates legacy cache and sidecar values, including sidecar legacy material intent [90m(0.612353ms)[39m[39m
  [32m✔ survives corrupt JSON, missing storage and malformed stored objects [90m(0.926253ms)[39m[39m
  [32m✔ continues using the sidecar when localStorage access or writes are blocked [90m(0.763792ms)[39m[39m
  [32m✔ preserves explicit session choices on reread when storage is blocked and no sidecar exists [90m(0.342541ms)[39m[39m
  [32m✔ retains newer session choices over readable stale cache after quota failure until a write succeeds [90m(0.362951ms)[39m[39m
  [32m✔ retains the local cache when sidecar persistence rejects and exposes the rejection to its caller [90m(1.853507ms)[39m[39m
  [32m✔ normalizes malformed runtime values before writing either store [90m(0.432701ms)[39m[39m
[32m✔ Theme preference persistence [90m(10.66508ms)[39m[39m
▶ Theme control and startup integration
  [32m✔ offers an independent native checkbox with associated explanatory text [90m(0.349981ms)[39m[39m
  [32m✔ shares persistence and handles sidecar failures at the component boundary [90m(0.22415ms)[39m[39m
  [32m✔ restores appearance in App and cleans up the system-mode listener [90m(0.2184ms)[39m[39m
[32m✔ Theme control and startup integration [90m(1.014624ms)[39m[39m
▶ Palette-independent glass material
  [32m✔ gates shared material on glass rather than a particular palette [90m(1.164344ms)[39m[39m
  [32m✔ covers inactive tabs with legible labels while preserving the active accent fill [90m(0.559362ms)[39m[39m
  [32m✔ limits optional material to supported screens and restores opacity for reduced transparency [90m(0.872083ms)[39m[39m
[32m✔ Palette-independent glass material [90m(2.84111ms)[39m[39m
(node:2270084) Warning: The 'NO_COLOR' env is ignored due to the 'FORCE_COLOR' env being set.
(Use `node --trace-warnings ...` to show where the warning was created)
▶ workspaceNavigation (BX.5)
  [32m✔ exports NAV and UTIL_NAV [90m(2.45292ms)[39m[39m
  [32m✔ NAV has eight primary entries [90m(0.508882ms)[39m[39m
  [32m✔ UTIL_NAV has two utility entries [90m(0.315391ms)[39m[39m
  [32m✔ separate Journal and Homily Writer routes exist [90m(2.68646ms)[39m[39m
  [32m✔ no combined "Journal & Homilies" label exists [90m(0.434252ms)[39m[39m
  [32m✔ Settings and About exist in UTIL_NAV [90m(0.353971ms)[39m[39m
  [32m✔ all routes have distinct IDs [90m(0.345102ms)[39m[39m
  [32m✔ origin story is a tracked file, substantive, and not fabricated [90m(1.460045ms)[39m[39m
  [32m✔ about.ts sources the origin story from the tracked file, with no fallback [90m(0.833043ms)[39m[39m
  [32m✔ ABOUT_CONTENT has all required authored sections [90m(0.491592ms)[39m[39m
  [32m✔ four distinct workspaces: journal, homily, settings, about [90m(0.362271ms)[39m[39m
  [32m✔ no aboutOpen state in App (modal removed) [90m(0.264051ms)[39m[39m
  [32m✔ ThemePicker owned only by SettingsView [90m(0.200521ms)[39m[39m
[32m✔ workspaceNavigation (BX.5) [90m(14.314513ms)[39m[39m
[34mℹ tests 349[39m
[34mℹ suites 38[39m
[34mℹ pass 349[39m
[34mℹ fail 0[39m
[34mℹ cancelled 0[39m
[34mℹ skipped 0[39m
[34mℹ todo 0[39m
[34mℹ duration_ms 2967.841386[39m
🔧 Stage: web

> sanctissimissa@1.41.21298 prebuild:vite
> node scripts/sync-db.mjs

synced assets/missal.db -> public/missal.db (195137536 bytes)

> sanctissimissa@1.41.21298 build:vite
> node scripts/pre-build-gate.mjs && tsc -b && vite build

GATE PASS: version=1.41.21298, git clean, no duplicate in dist/
(node:2273683) Warning: The 'NO_COLOR' env is ignored due to the 'FORCE_COLOR' env being set.
(Use `node --trace-warnings ...` to show where the warning was created)
vite v6.4.3 building for production...
transforming...
✓ 944 modules transformed.
rendering chunks...
[plugin vite:reporter]
(!)  /home/robin/Desktop/devProjects/sanctissimissa/node_modules/sql.js/dist/sql-wasm-browser.js?commonjs-es-import is dynamically imported by /home/robin/Desktop/devProjects/sanctissimissa/src/core/accompaniment/store.ts but also statically imported by /home/robin/Desktop/devProjects/sanctissimissa/src/core/data/corpusDb.ts, dynamic import will not move module into another chunk.

[plugin vite:reporter]
(!) /home/robin/Desktop/devProjects/sanctissimissa/node_modules/sql.js/dist/sql-wasm.wasm?url is dynamically imported by /home/robin/Desktop/devProjects/sanctissimissa/src/core/accompaniment/store.ts but also statically imported by /home/robin/Desktop/devProjects/sanctissimissa/src/core/data/corpusDb.ts, dynamic import will not move module into another chunk.

computing gzip size...
dist-web/registerSW.js                      0.13 kB
dist-web/manifest.webmanifest               0.44 kB
dist-web/index.html                         0.70 kB │ gzip:   0.41 kB
dist-web/assets/sql-wasm-UFUCzYNW.wasm    659.73 kB │ gzip: 323.01 kB
dist-web/assets/index-qmwzhumC.css         63.32 kB │ gzip:  12.90 kB
dist-web/assets/index-6L8esETH.css        222.14 kB │ gzip:  34.88 kB
dist-web/assets/core-DV6XEvTN.js            0.10 kB │ gzip:   0.11 kB
dist-web/assets/index-CC3jJH8B.js          15.19 kB │ gzip:   5.94 kB
dist-web/assets/index-DZfCvmSq.js         454.96 kB │ gzip: 149.54 kB
dist-web/assets/ckeditor5-DARfDnpa.js   1,027.26 kB │ gzip: 250.25 kB
✓ built in 6.41s

PWA v1.3.0
mode      generateSW
precache  14 entries (2895.77 KiB)
files generated
  dist-web/sw.js
  dist-web/workbox-a3c94b52.js
🔧 Stage: linux
(node:2274678) Warning: The 'NO_COLOR' env is ignored due to the 'FORCE_COLOR' env being set.
(Use `node --trace-warnings ...` to show where the warning was created)
        Info Looking up installed tauri packages to check mismatched versions...
     Running beforeBuildCommand `npm run build:vite`

> sanctissimissa@1.41.21298 prebuild:vite
> node scripts/sync-db.mjs

synced assets/missal.db -> public/missal.db (195137536 bytes)

> sanctissimissa@1.41.21298 build:vite
> node scripts/pre-build-gate.mjs && tsc -b && vite build

GATE PASS: version=1.41.21298, git clean, no duplicate in dist/
(node:2281416) Warning: The 'NO_COLOR' env is ignored due to the 'FORCE_COLOR' env being set.
(Use `node --trace-warnings ...` to show where the warning was created)
vite v6.4.3 building for production...
transforming...
✓ 944 modules transformed.
rendering chunks...
[plugin vite:reporter]
(!)  /home/robin/Desktop/devProjects/sanctissimissa/node_modules/sql.js/dist/sql-wasm-browser.js?commonjs-es-import is dynamically imported by /home/robin/Desktop/devProjects/sanctissimissa/src/core/accompaniment/store.ts but also statically imported by /home/robin/Desktop/devProjects/sanctissimissa/src/core/data/corpusDb.ts, dynamic import will not move module into another chunk.

[plugin vite:reporter]
(!) /home/robin/Desktop/devProjects/sanctissimissa/node_modules/sql.js/dist/sql-wasm.wasm?url is dynamically imported by /home/robin/Desktop/devProjects/sanctissimissa/src/core/accompaniment/store.ts but also statically imported by /home/robin/Desktop/devProjects/sanctissimissa/src/core/data/corpusDb.ts, dynamic import will not move module into another chunk.

computing gzip size...
dist-web/registerSW.js                      0.13 kB
dist-web/manifest.webmanifest               0.44 kB
dist-web/index.html                         0.70 kB │ gzip:   0.41 kB
dist-web/assets/sql-wasm-UFUCzYNW.wasm    659.73 kB │ gzip: 323.01 kB
dist-web/assets/index-qmwzhumC.css         63.32 kB │ gzip:  12.90 kB
dist-web/assets/index-6L8esETH.css        222.14 kB │ gzip:  34.88 kB
dist-web/assets/core-DV6XEvTN.js            0.10 kB │ gzip:   0.11 kB
dist-web/assets/index-CC3jJH8B.js          15.19 kB │ gzip:   5.94 kB
dist-web/assets/index-DZfCvmSq.js         454.96 kB │ gzip: 149.54 kB
dist-web/assets/ckeditor5-DARfDnpa.js   1,027.26 kB │ gzip: 250.25 kB
✓ built in 6.67s

PWA v1.3.0
mode      generateSW
precache  14 entries (2895.77 KiB)
files generated
  dist-web/sw.js
  dist-web/workbox-a3c94b52.js
   Compiling proc-macro2 v1.0.106
   Compiling unicode-ident v1.0.24
   Compiling quote v1.0.46
   Compiling serde_core v1.0.228
   Compiling serde v1.0.228
   Compiling smallvec v1.15.2
   Compiling hashbrown v0.17.1
   Compiling equivalent v1.0.2
   Compiling pkg-config v0.3.33
   Compiling winnow v0.5.40
   Compiling heck v0.5.0
   Compiling libc v0.2.186
   Compiling target-lexicon v0.12.16
   Compiling version-compare v0.2.1
   Compiling version_check v0.9.5
   Compiling thiserror v1.0.69
   Compiling siphasher v1.0.3
   Compiling memchr v2.8.2
   Compiling phf_shared v0.13.1
   Compiling fastrand v2.4.1
   Compiling icu_properties_data v2.2.0
   Compiling icu_normalizer_data v2.2.0
   Compiling stable_deref_trait v1.2.1
   Compiling cfg-if v1.0.4
   Compiling zmij v1.0.21
   Compiling autocfg v1.5.1
   Compiling proc-macro-error-attr v1.0.4
   Compiling syn v1.0.109
   Compiling phf_generator v0.13.1
   Compiling proc-macro-error v1.0.4
   Compiling parking_lot_core v0.9.12
   Compiling indexmap v2.14.0
   Compiling futures-core v0.3.32
   Compiling pin-project-lite v0.2.17
   Compiling slab v0.4.12
   Compiling futures-task v0.3.32
   Compiling typeid v1.0.3
   Compiling cfg-expr v0.15.8
   Compiling once_cell v1.21.4
   Compiling num-conv v0.2.2
   Compiling time-core v0.1.9
   Compiling heck v0.4.1
   Compiling thiserror v2.0.18
   Compiling futures-channel v0.3.32
   Compiling syn v2.0.118
   Compiling phf_codegen v0.13.1
   Compiling ident_case v1.0.1
   Compiling erased-serde v0.4.10
   Compiling writeable v0.6.3
   Compiling itoa v1.0.18
   Compiling litemap v0.8.2
   Compiling strsim v0.11.1
   Compiling utf8_iter v1.0.4
   Compiling scopeguard v1.2.0
   Compiling anyhow v1.0.103
   Compiling new_debug_unreachable v1.0.6
   Compiling string_cache_codegen v0.6.1
   Compiling gio v0.18.4
   Compiling lock_api v0.4.14
   Compiling serde_json v1.0.150
   Compiling getrandom v0.4.3
   Compiling precomputed-hash v0.1.1
   Compiling winnow v1.0.3
   Compiling toml_writer v1.1.1+spec-1.1.0
   Compiling futures-io v0.3.32
   Compiling ctor-proc-macro v0.0.7
   Compiling dtoa v1.0.11
   Compiling log v0.4.33
   Compiling parking_lot v0.12.5
   Compiling utf-8 v0.7.6
   Compiling percent-encoding v2.3.2
   Compiling dtoa-short v0.3.5
   Compiling selectors v0.36.1
   Compiling aho-corasick v1.1.4
   Compiling indexmap v1.9.3
   Compiling unic-common v0.9.0
   Compiling tendril v0.5.0
   Compiling toml_parser v1.1.2+spec-1.1.0
   Compiling alloc-no-stdlib v2.0.4
   Compiling web_atoms v0.2.5
   Compiling form_urlencoded v1.2.2
   Compiling unic-char-range v0.9.0
   Compiling string_cache v0.9.0
   Compiling camino v1.2.4
   Compiling byteorder v1.5.0
   Compiling regex-syntax v0.8.11
   Compiling unic-char-property v0.9.0
   Compiling alloc-stdlib v0.2.4
   Compiling unic-ucd-version v0.9.0
   Compiling memoffset v0.9.1
   Compiling servo_arc v0.4.3
   Compiling schemars v0.8.22
   Compiling powerfmt v0.2.0
   Compiling deranged v0.5.8
   Compiling bitflags v2.13.0
   Compiling rustc-hash v2.1.3
   Compiling bit-vec v0.8.0
   Compiling fnv v1.0.7
   Compiling hashbrown v0.12.3
   Compiling brotli-decompressor v5.0.3
   Compiling bit-set v0.8.0
   Compiling unic-ucd-ident v0.9.0
   Compiling quick-xml v0.41.0
   Compiling semver v1.0.28
   Compiling serde_spanned v1.1.1
   Compiling toml_datetime v1.1.1+spec-1.1.0
   Compiling uuid v1.23.4
   Compiling foldhash v0.2.0
   Compiling rustc_version v0.4.1
   Compiling toml v1.1.2+spec-1.1.0
   Compiling base64 v0.22.1
   Compiling dunce v1.0.5
   Compiling bytes v1.12.0
   Compiling cfb v0.7.3
   Compiling field-offset v0.3.6
   Compiling dyn-clone v1.0.20
   Compiling time v0.3.53
   Compiling same-file v1.0.6
   Compiling serde-untagged v0.1.9
   Compiling brotli v8.0.4
   Compiling walkdir v2.5.0
   Compiling ctor v0.8.0
   Compiling gtk v0.18.2
   Compiling generic-array v0.14.7
   Compiling shlex v2.0.1
   Compiling http v1.4.2
   Compiling infer v0.19.0
   Compiling glob v0.3.3
   Compiling find-msvc-tools v0.1.9
   Compiling toml_datetime v0.7.5+spec-1.1.0
   Compiling time-macros v0.2.31
   Compiling x11 v2.21.0
   Compiling option-ext v0.2.0
   Compiling cc v1.2.66
   Compiling regex-automata v0.4.14
   Compiling typenum v1.20.1
   Compiling winnow v0.7.15
   Compiling simd-adler32 v0.3.9
   Compiling crc32fast v1.5.0
   Compiling dirs-sys v0.5.0
   Compiling synstructure v0.13.2
   Compiling darling_core v0.23.0
   Compiling serde_derive_internals v0.29.1
   Compiling embed-resource v3.0.11
   Compiling bitflags v1.3.2
   Compiling crossbeam-utils v0.8.21
   Compiling adler2 v2.0.1
   Compiling miniz_oxide v0.8.9
   Compiling tauri-winres v0.3.6
   Compiling dirs v6.0.0
   Compiling toml v0.9.12+spec-1.1.0
   Compiling libdbus-sys v0.2.7
   Compiling x11-dl v2.21.0
   Compiling cookie v0.18.1
   Compiling regex v1.12.4
   Compiling flate2 v1.1.9
   Compiling serde_derive v1.0.228
   Compiling zerofrom-derive v0.1.7
   Compiling yoke-derive v0.8.2
   Compiling zerovec-derive v0.11.3
   Compiling displaydoc v0.2.6
   Compiling thiserror-impl v1.0.69
   Compiling phf_macros v0.13.1
   Compiling futures-macro v0.3.32
   Compiling thiserror-impl v2.0.18
   Compiling darling_macro v0.23.0
   Compiling derive_more-impl v2.1.1
   Compiling cssparser-macros v0.6.1
   Compiling darling v0.23.0
   Compiling serde_with_macros v3.21.0
   Compiling schemars_derive v0.8.22
   Compiling zerofrom v0.1.8
   Compiling phf v0.13.1
   Compiling crypto-common v0.1.7
   Compiling yoke v0.8.3
   Compiling futures-util v0.3.32
   Compiling block-buffer v0.10.4
   Compiling zerovec v0.11.6
   Compiling zerotrie v0.2.4
   Compiling cssparser v0.36.0
   Compiling derive_more v2.1.1
   Compiling tinystr v0.8.3
   Compiling potential_utf v0.1.5
   Compiling markup5ever v0.38.0
   Compiling icu_collections v2.2.0
   Compiling icu_locale_core v2.2.0
   Compiling serde_with v3.21.0
   Compiling html5ever v0.38.0
   Compiling fdeflate v0.3.7
   Compiling raw-window-handle v0.6.2
   Compiling icu_provider v2.2.0
   Compiling futures-executor v0.3.32
   Compiling icu_properties v2.2.0
   Compiling icu_normalizer v2.2.0
   Compiling dom_query v0.27.0
   Compiling png v0.17.16
   Compiling dpi v0.1.2
   Compiling toml_datetime v0.6.3
   Compiling serde_spanned v0.6.9
   Compiling cargo-platform v0.1.9
   Compiling jsonptr v0.6.3
   Compiling plist v1.10.0
   Compiling toml_edit v0.20.2
   Compiling toml_edit v0.19.15
   Compiling cargo_metadata v0.19.2
   Compiling cargo_toml v0.22.3
   Compiling idna_adapter v1.2.2
   Compiling json-patch v3.0.1
   Compiling idna v1.1.0
   Compiling url v2.5.8
   Compiling proc-macro-crate v1.3.1
   Compiling urlpattern v0.3.0
   Compiling crossbeam-channel v0.5.15
   Compiling toml v0.8.2
   Compiling proc-macro-crate v2.0.2
   Compiling system-deps v6.2.2
   Compiling tauri-utils v2.9.3
   Compiling digest v0.10.7
   Compiling dlopen2_derive v0.4.3
   Compiling gtk3-macros v0.18.2
   Compiling wry v0.55.1
   Compiling glib-macros v0.18.5
   Compiling tauri-runtime v2.11.3
   Compiling glib-sys v0.18.1
   Compiling gobject-sys v0.18.0
   Compiling gio-sys v0.18.1
   Compiling gdk-sys v0.18.2
   Compiling gdk-pixbuf-sys v0.18.0
   Compiling pango-sys v0.18.0
   Compiling cairo-sys-rs v0.18.2
   Compiling atk-sys v0.18.2
   Compiling gtk-sys v0.18.2
   Compiling javascriptcore-rs-sys v1.1.1
   Compiling soup3-sys v0.5.0
   Compiling webkit2gtk-sys v2.0.2
   Compiling gdkx11-sys v0.18.2
   Compiling cpufeatures v0.2.17
   Compiling sha2 v0.10.9
   Compiling dlopen2 v0.8.2
   Compiling dbus v0.9.12
   Compiling ico v0.5.0
   Compiling tauri-runtime-wry v2.11.4
   Compiling getrandom v0.3.4
   Compiling unicode-segmentation v1.13.3
   Compiling serialize-to-javascript-impl v0.1.2
   Compiling serde_repr v0.1.20
   Compiling tokio v1.52.3
   Compiling mime v0.3.17
   Compiling keyboard-types v0.7.0
   Compiling serialize-to-javascript v0.1.2
   Compiling gdkwayland-sys v0.18.2
   Compiling glib v0.18.5
   Compiling tauri-build v2.6.3
   Compiling tauri-codegen v2.6.3
   Compiling tauri v2.11.5
   Compiling tauri-macros v2.6.3
   Compiling sanctissimissa v1.41.21298 (/home/robin/Desktop/devProjects/sanctissimissa/src-tauri)
   Compiling cairo-rs v0.18.5
   Compiling atk v0.18.2
   Compiling javascriptcore-rs v1.1.2
   Compiling gdk-pixbuf v0.18.5
   Compiling pango v0.18.3
   Compiling soup3 v0.5.0
   Compiling gdk v0.18.2
   Compiling gdkx11 v0.18.2
   Compiling webkit2gtk v2.0.2
   Compiling tao v0.35.3
   Compiling muda v0.19.3
    Finished `release` profile [optimized] target(s) in 8m 50s
       Built application at: /home/robin/Desktop/devProjects/sanctissimissa/src-tauri/target/release/sanctissimissa
        Info Patching /home/robin/Desktop/devProjects/sanctissimissa/src-tauri/target/release/sanctissimissa with bundle type information: deb
    Bundling SanctissiMissa_1.41.21298_amd64.deb (/home/robin/Desktop/devProjects/sanctissimissa/src-tauri/target/release/bundle/deb/SanctissiMissa_1.41.21298_amd64.deb)
        Info Patching /home/robin/Desktop/devProjects/sanctissimissa/src-tauri/target/release/sanctissimissa with bundle type information: appimage
    Bundling SanctissiMissa_1.41.21298_amd64.AppImage (/home/robin/Desktop/devProjects/sanctissimissa/src-tauri/target/release/bundle/appimage/SanctissiMissa_1.41.21298_amd64.AppImage)
    Finished 2 bundles at:
        /home/robin/Desktop/devProjects/sanctissimissa/src-tauri/target/release/bundle/deb/SanctissiMissa_1.41.21298_amd64.deb
        /home/robin/Desktop/devProjects/sanctissimissa/src-tauri/target/release/bundle/appimage/SanctissiMissa_1.41.21298_amd64.AppImage

🔧 Stage: windows

> sanctissimissa@1.41.21298 build:windows:unstamped
> node scripts/pre-build-gate.mjs && bash scripts/build-windows.sh

GATE PASS: version=1.41.21298, git clean, no duplicate in dist/
        Info Looking up installed tauri packages to check mismatched versions...
     Running beforeBuildCommand `npm run build:vite`

> sanctissimissa@1.41.21298 prebuild:vite
> node scripts/sync-db.mjs

synced assets/missal.db -> public/missal.db (195137536 bytes)

> sanctissimissa@1.41.21298 build:vite
> node scripts/pre-build-gate.mjs && tsc -b && vite build

GATE PASS: version=1.41.21298, git clean, no duplicate in dist/
(node:2333104) Warning: The 'NO_COLOR' env is ignored due to the 'FORCE_COLOR' env being set.
(Use `node --trace-warnings ...` to show where the warning was created)
vite v6.4.3 building for production...
transforming...
✓ 944 modules transformed.
rendering chunks...
[plugin vite:reporter]
(!)  /home/robin/Desktop/devProjects/sanctissimissa/node_modules/sql.js/dist/sql-wasm-browser.js?commonjs-es-import is dynamically imported by /home/robin/Desktop/devProjects/sanctissimissa/src/core/accompaniment/store.ts but also statically imported by /home/robin/Desktop/devProjects/sanctissimissa/src/core/data/corpusDb.ts, dynamic import will not move module into another chunk.

[plugin vite:reporter]
(!) /home/robin/Desktop/devProjects/sanctissimissa/node_modules/sql.js/dist/sql-wasm.wasm?url is dynamically imported by /home/robin/Desktop/devProjects/sanctissimissa/src/core/accompaniment/store.ts but also statically imported by /home/robin/Desktop/devProjects/sanctissimissa/src/core/data/corpusDb.ts, dynamic import will not move module into another chunk.

computing gzip size...
dist-web/registerSW.js                      0.13 kB
dist-web/manifest.webmanifest               0.44 kB
dist-web/index.html                         0.70 kB │ gzip:   0.41 kB
dist-web/assets/sql-wasm-UFUCzYNW.wasm    659.73 kB │ gzip: 323.01 kB
dist-web/assets/index-qmwzhumC.css         63.32 kB │ gzip:  12.90 kB
dist-web/assets/index-6L8esETH.css        222.14 kB │ gzip:  34.88 kB
dist-web/assets/core-DV6XEvTN.js            0.10 kB │ gzip:   0.11 kB
dist-web/assets/index-CC3jJH8B.js          15.19 kB │ gzip:   5.94 kB
dist-web/assets/index-DZfCvmSq.js         454.96 kB │ gzip: 149.54 kB
dist-web/assets/ckeditor5-DARfDnpa.js   1,027.26 kB │ gzip: 250.25 kB
✓ built in 5.94s

PWA v1.3.0
mode      generateSW
precache  14 entries (2895.77 KiB)
files generated
  dist-web/sw.js
  dist-web/workbox-a3c94b52.js
   Compiling serde_core v1.0.228
   Compiling stable_deref_trait v1.2.1
   Compiling windows-link v0.2.1
   Compiling serde v1.0.228
   Compiling windows-link v0.1.3
   Compiling zerofrom v0.1.8
   Compiling memchr v2.8.2
   Compiling litemap v0.8.2
   Compiling writeable v0.6.3
   Compiling windows-interface v0.59.3
   Compiling windows-implement v0.60.2
   Compiling windows-result v0.3.4
   Compiling windows-strings v0.4.2
   Compiling smallvec v1.15.2
   Compiling utf8_iter v1.0.4
   Compiling windows-sys v0.61.2
   Compiling icu_normalizer_data v2.2.0
   Compiling icu_properties_data v2.2.0
   Compiling itoa v1.0.18
   Compiling windows-threading v0.1.0
   Compiling yoke v0.8.3
   Compiling zmij v1.0.21
   Compiling serde_json v1.0.150
   Compiling percent-encoding v2.3.2
   Compiling deranged v0.5.8
   Compiling time-core v0.1.9
   Compiling powerfmt v0.2.0
   Compiling num-conv v0.2.2
   Compiling webview2-com-sys v0.38.2
   Compiling zerovec v0.11.6
   Compiling zerotrie v0.2.4
   Compiling form_urlencoded v1.2.2
   Compiling typeid v1.0.3
   Compiling thiserror v2.0.18
   Compiling unic-char-range v0.9.0
   Compiling bytes v1.12.0
   Compiling unic-common v0.9.0
   Compiling alloc-no-stdlib v2.0.4
   Compiling aho-corasick v1.1.4
   Compiling raw-window-handle v0.6.2
   Compiling regex-syntax v0.8.11
   Compiling crossbeam-utils v0.8.21
   Compiling alloc-stdlib v0.2.4
   Compiling unic-ucd-version v0.9.0
   Compiling unic-char-property v0.9.0
   Compiling erased-serde v0.4.10
   Compiling thiserror v1.0.69
   Compiling hashbrown v0.17.1
   Compiling siphasher v1.0.3
   Compiling equivalent v1.0.2
   Compiling fnv v1.0.7
   Compiling windows_x86_64_msvc v0.52.6
   Compiling byteorder v1.5.0
   Compiling windows-core v0.61.2
   Compiling cfg-if v1.0.4
   Compiling winnow v1.0.3
   Compiling phf_shared v0.13.1
   Compiling unic-ucd-ident v0.9.0
   Compiling cookie v0.18.1
   Compiling brotli-decompressor v5.0.3
   Compiling tinystr v0.8.3
   Compiling potential_utf v0.1.5
   Compiling http v1.4.2
   Compiling icu_locale_core v2.2.0
   Compiling icu_collections v2.2.0
   Compiling windows-collections v0.2.0
   Compiling windows-numerics v0.2.0
   Compiling windows-future v0.2.1
   Compiling indexmap v2.14.0
   Compiling toml_parser v1.1.2+spec-1.1.0
   Compiling quick-xml v0.41.0
   Compiling time v0.3.53
   Compiling windows-version v0.1.7
   Compiling windows v0.61.3
   Compiling webview2-com-macros v0.8.1
   Compiling anyhow v1.0.103
   Compiling parking_lot_core v0.9.12
   Compiling toml_writer v1.1.1+spec-1.1.0
   Compiling log v0.4.33
   Compiling dunce v1.0.5
   Compiling base64 v0.22.1
   Compiling scopeguard v1.2.0
   Compiling unicode-segmentation v1.13.3
   Compiling pin-project-lite v0.2.17
   Compiling once_cell v1.21.4
   Compiling lock_api v0.4.14
   Compiling icu_provider v2.2.0
   Compiling brotli v8.0.4
   Compiling icu_normalizer v2.2.0
   Compiling icu_properties v2.2.0
   Compiling uuid v1.23.4
   Compiling regex-automata v0.4.14
   Compiling dpi v0.1.2
   Compiling cfb v0.7.3
   Compiling toml_datetime v1.1.1+spec-1.1.0
   Compiling bitflags v2.13.0
   Compiling serde_spanned v1.1.1
   Compiling serde-untagged v0.1.9
   Compiling serde_with v3.21.0
   Compiling crossbeam-channel v0.5.15
   Compiling idna_adapter v1.2.2
   Compiling jsonptr v0.6.3
   Compiling idna v1.1.0
   Compiling winapi-util v0.1.11
   Compiling url v2.5.8
   Compiling same-file v1.0.6
   Compiling json-patch v3.0.1
   Compiling infer v0.19.0
   Compiling walkdir v2.5.0
   Compiling plist v1.10.0
   Compiling toml v1.1.2+spec-1.1.0
   Compiling phf v0.13.1
   Compiling ctor v0.8.0
   Compiling libc v0.2.186
   Compiling tracing-core v0.1.36
   Compiling semver v1.0.28
   Compiling glob v0.3.3
   Compiling regex v1.12.4
   Compiling tracing v0.1.44
   Compiling tauri-runtime v2.11.3
   Compiling wry v0.55.1
   Compiling windows-targets v0.52.6
   Compiling parking_lot v0.12.5
   Compiling option-ext v0.2.0
   Compiling tauri-runtime-wry v2.11.4
   Compiling windows-sys v0.59.0
   Compiling getrandom v0.3.4
   Compiling dirs-sys v0.5.0
   Compiling tauri v2.11.5
   Compiling softbuffer v0.4.8
   Compiling urlpattern v0.3.0
   Compiling keyboard-types v0.7.0
   Compiling serialize-to-javascript v0.1.2
   Compiling dirs v6.0.0
   Compiling tokio v1.52.3
   Compiling mime v0.3.17
   Compiling heck v0.5.0
   Compiling sanctissimissa v1.41.21298 (/home/robin/Desktop/devProjects/sanctissimissa/src-tauri)
   Compiling tauri-utils v2.9.3
   Compiling window-vibrancy v0.6.0
   Compiling muda v0.19.3
   Compiling tao v0.35.3
   Compiling webview2-com v0.38.2
warning: linker stderr: lld-link: Cannot use debug info for 'libcmt.lib(new_scalar_nothrow.obj)' [LNK4099]
         >>> failed to load reference 'D:\a\_work\1\s\binaries\amd64ret\lib\amd64\libcmt.amd64.pdb': No such file or directory

         lld-link: Cannot use debug info for 'libcmt.lib(delete_scalar_size.obj)' [LNK4099]
         >>> failed to load reference 'D:\a\_work\1\s\binaries\amd64ret\lib\amd64\libcmt.amd64.pdb': No such file or directory

         lld-link: Cannot use debug info for 'libcmt.lib(std_type_info_static.obj)' [LNK4099]
         >>> failed to load reference 'D:\a\_work\1\s\binaries\amd64ret\lib\amd64\libcmt.amd64.pdb': No such file or directory

         lld-link: Cannot use debug info for 'libcmt.lib(new_array.obj)' [LNK4099]
         >>> failed to load reference 'D:\a\_work\1\s\binaries\amd64ret\lib\amd64\libcmt.amd64.pdb': No such file or directory

         lld-link: Cannot use debug info for 'libcmt.lib(delete_array.obj)' [LNK4099]
         >>> failed to load reference 'D:\a\_work\1\s\binaries\amd64ret\lib\amd64\libcmt.amd64.pdb': No such file or directory

         lld-link: Cannot use debug info for 'libcmt.lib(std_nothrow.obj)' [LNK4099]
         >>> failed to load reference 'D:\a\_work\1\s\binaries\amd64ret\lib\amd64\libcmt.amd64.pdb': No such file or directory

         lld-link: Cannot use debug info for 'libcmt.lib(thread_safe_statics.obj)' [LNK4099]
         >>> failed to load reference 'D:\a\_work\1\s\binaries\amd64ret\lib\amd64\libcmt.amd64.pdb': No such file or directory

         lld-link: Cannot use debug info for 'libcmt.lib(guard_support.obj)' [LNK4099]
         >>> failed to load reference 'D:\a\_work\1\s\binaries\amd64ret\lib\amd64\libcmt.amd64.pdb': No such file or directory

         lld-link: Cannot use debug info for 'libcmt.lib(gs_cookie.obj)' [LNK4099]
         >>> failed to load reference 'D:\a\_work\1\s\binaries\amd64ret\lib\amd64\libcmt.amd64.pdb': No such file or directory

         lld-link: Cannot use debug info for 'libcmt.lib(fltused.obj)' [LNK4099]
         >>> failed to load reference 'D:\a\_work\1\s\binaries\amd64ret\lib\amd64\libcmt.amd64.pdb': No such file or directory

         lld-link: Cannot use debug info for 'libcmt.lib(tlssup.obj)' [LNK4099]
         >>> failed to load reference 'D:\a\_work\1\s\binaries\amd64ret\lib\amd64\libcmt.amd64.pdb': No such file or directory

         lld-link: Cannot use debug info for 'libvcruntime.lib(throw.obj)' [LNK4099]
         >>> failed to load reference 'D:\a\_work\1\s\binaries\amd64ret\lib\amd64\libvcruntime.amd64.pdb': No such file or directory

         lld-link: Cannot use debug info for 'libvcruntime.lib(risctrnsctrl.obj)' [LNK4099]
         >>> failed to load reference 'D:\a\_work\1\s\binaries\amd64ret\lib\amd64\libvcruntime.amd64.pdb': No such file or directory

         lld-link: Cannot use debug info for 'libvcruntime.lib(purevirt.obj)' [LNK4099]
         >>> failed to load reference 'D:\a\_work\1\s\binaries\amd64ret\lib\amd64\libvcruntime.amd64.pdb': No such file or directory

         lld-link: Cannot use debug info for 'libvcruntime.lib(wcsrchr.obj)' [LNK4099]
         >>> failed to load reference 'D:\a\_work\1\s\binaries\amd64ret\lib\amd64\libvcruntime.amd64.pdb': No such file or directory

         lld-link: Cannot use debug info for 'libcmt.lib(new_scalar.obj)' [LNK4099]
         >>> failed to load reference 'D:\a\_work\1\s\binaries\amd64ret\lib\amd64\libcmt.amd64.pdb': No such file or directory

         lld-link: Cannot use debug info for 'libcmt.lib(delete_scalar.obj)' [LNK4099]
         >>> failed to load reference 'D:\a\_work\1\s\binaries\amd64ret\lib\amd64\libcmt.amd64.pdb': No such file or directory

         lld-link: Cannot use debug info for 'libcmt.lib(gs_report.obj)' [LNK4099]
         >>> failed to load reference 'D:\a\_work\1\s\binaries\amd64ret\lib\amd64\libcmt.amd64.pdb': No such file or directory

         lld-link: Cannot use debug info for 'libvcruntime.lib(per_thread_data.obj)' [LNK4099]
         >>> failed to load reference 'D:\a\_work\1\s\binaries\amd64ret\lib\amd64\libvcruntime.amd64.pdb': No such file or directory

         lld-link: Cannot use debug info for 'libvcruntime.lib(ehstate.obj)' [LNK4099]
         >>> failed to load reference 'D:\a\_work\1\s\binaries\amd64ret\lib\amd64\libvcruntime.amd64.pdb': No such file or directory

         lld-link: Cannot use debug info for 'libvcruntime.lib(frame.obj)' [LNK4099]
         >>> failed to load reference 'D:\a\_work\1\s\binaries\amd64ret\lib\amd64\libvcruntime.amd64.pdb': No such file or directory

         lld-link: Cannot use debug info for 'libvcruntime.lib(riscchandler.obj)' [LNK4099]
         >>> failed to load reference 'D:\a\_work\1\s\binaries\amd64ret\lib\amd64\libvcruntime.amd64.pdb': No such file or directory

         lld-link: Cannot use debug info for 'libcmt.lib(gshandler.obj)' [LNK4099]
         >>> failed to load reference 'D:\a\_work\1\s\binaries\amd64ret\lib\amd64\libcmt.amd64.pdb': No such file or directory

         lld-link: Cannot use debug info for 'libvcruntime.lib(purevirt_data.obj)' [LNK4099]
         >>> failed to load reference 'D:\a\_work\1\s\binaries\amd64ret\lib\amd64\libvcruntime.amd64.pdb': No such file or directory

         lld-link: Cannot use debug info for 'libcmt.lib(cpu_disp.obj)' [LNK4099]
         >>> failed to load reference 'D:\a\_work\1\s\binaries\amd64ret\lib\amd64\libcmt.amd64.pdb': No such file or directory

         lld-link: Cannot use debug info for 'libcmt.lib(throw_bad_alloc.obj)' [LNK4099]
         >>> failed to load reference 'D:\a\_work\1\s\binaries\amd64ret\lib\amd64\libcmt.amd64.pdb': No such file or directory

         lld-link: Cannot use debug info for 'libvcruntime.lib(winapi_downlevel.obj)' [LNK4099]
         >>> failed to load reference 'D:\a\_work\1\s\binaries\amd64ret\lib\amd64\libvcruntime.amd64.pdb': No such file or directory

         lld-link: Cannot use debug info for 'libvcruntime.lib(ehhelpers.obj)' [LNK4099]
         >>> failed to load reference 'D:\a\_work\1\s\binaries\amd64ret\lib\amd64\libvcruntime.amd64.pdb': No such file or directory

         lld-link: Cannot use debug info for 'libvcruntime.lib(std_exception.obj)' [LNK4099]
         >>> failed to load reference 'D:\a\_work\1\s\binaries\amd64ret\lib\amd64\libvcruntime.amd64.pdb': No such file or directory

         lld-link: Cannot use debug info for 'libvcruntime.lib(std_type_info.obj)' [LNK4099]
         >>> failed to load reference 'D:\a\_work\1\s\binaries\amd64ret\lib\amd64\libvcruntime.amd64.pdb': No such file or directory

         lld-link: Cannot use debug info for 'libvcruntime.lib(jbcxrval.obj)' [LNK4099]
         >>> failed to load reference 'D:\a\_work\1\s\binaries\amd64ret\lib\amd64\libvcruntime.amd64.pdb': No such file or directory

         lld-link: Cannot use debug info for 'libcmt.lib(gshandlerseh.obj)' [LNK4099]
         >>> failed to load reference 'D:\a\_work\1\s\binaries\amd64ret\lib\amd64\libcmt.amd64.pdb': No such file or directory

         lld-link: Cannot use debug info for 'libcmt.lib(pesect.obj)' [LNK4099]
         >>> failed to load reference 'D:\a\_work\1\s\binaries\amd64ret\lib\amd64\libcmt.amd64.pdb': No such file or directory

         lld-link: Cannot use debug info for 'libvcruntime.lib(undname.obj)' [LNK4099]
         >>> failed to load reference 'D:\a\_work\1\s\binaries\amd64ret\lib\amd64\libvcruntime.amd64.pdb': No such file or directory

         lld-link: Cannot use debug info for 'libvcruntime.lib(locks.obj)' [LNK4099]
         >>> failed to load reference 'D:\a\_work\1\s\binaries\amd64ret\lib\amd64\libvcruntime.amd64.pdb': No such file or directory

         lld-link: Cannot use debug info for 'libcmt.lib(dll_dllmain.obj)' [LNK4099]
         >>> failed to load reference 'D:\a\_work\1\s\binaries\amd64ret\lib\amd64\libcmt.amd64.pdb': No such file or directory

         lld-link: Cannot use debug info for 'libcmt.lib(loadcfg.obj)' [LNK4099]
         >>> failed to load reference 'D:\a\_work\1\s\binaries\amd64ret\lib\amd64\libcmt.amd64.pdb': No such file or directory

         lld-link: Cannot use debug info for 'libcmt.lib(gs_support.obj)' [LNK4099]
         >>> failed to load reference 'D:\a\_work\1\s\binaries\amd64ret\lib\amd64\libcmt.amd64.pdb': No such file or directory

         lld-link: Cannot use debug info for 'libcmt.lib(dll_dllmain_stub.obj)' [LNK4099]
         >>> failed to load reference 'D:\a\_work\1\s\binaries\amd64ret\lib\amd64\libcmt.amd64.pdb': No such file or directory

         lld-link: Cannot use debug info for 'libcmt.lib(tncleanup.obj)' [LNK4099]
         >>> failed to load reference 'D:\a\_work\1\s\binaries\amd64ret\lib\amd64\libcmt.amd64.pdb': No such file or directory

         lld-link: Cannot use debug info for 'libcmt.lib(default_local_stdio_options.obj)' [LNK4099]
         >>> failed to load reference 'D:\a\_work\1\s\binaries\amd64ret\lib\amd64\libcmt.amd64.pdb': No such file or directory

         lld-link: Cannot use debug info for 'libcmt.lib(utility.obj)' [LNK4099]
         >>> failed to load reference 'D:\a\_work\1\s\binaries\amd64ret\lib\amd64\libcmt.amd64.pdb': No such file or directory

         lld-link: Cannot use debug info for 'libcmt.lib(dyn_tls_init.obj)' [LNK4099]
         >>> failed to load reference 'D:\a\_work\1\s\binaries\amd64ret\lib\amd64\libcmt.amd64.pdb': No such file or directory

         lld-link: Cannot use debug info for 'libcmt.lib(utility_desktop.obj)' [LNK4099]
         >>> failed to load reference 'D:\a\_work\1\s\binaries\amd64ret\lib\amd64\libcmt.amd64.pdb': No such file or directory

         lld-link: Cannot use debug info for 'libcmt.lib(initsect.obj)' [LNK4099]
         >>> failed to load reference 'D:\a\_work\1\s\binaries\amd64ret\lib\amd64\libcmt.amd64.pdb': No such file or directory

         lld-link: Cannot use debug info for 'libcmt.lib(initializers.obj)' [LNK4099]
         >>> failed to load reference 'D:\a\_work\1\s\binaries\amd64ret\lib\amd64\libcmt.amd64.pdb': No such file or directory

         lld-link: Cannot use debug info for 'libvcruntime.lib(softmemtag.obj)' [LNK4099]
         >>> failed to load reference 'D:\a\_work\1\s\binaries\amd64ret\lib\amd64\libvcruntime.amd64.pdb': No such file or directory

         lld-link: Cannot use debug info for 'libvcruntime.lib(initialization.obj)' [LNK4099]
         >>> failed to load reference 'D:\a\_work\1\s\binaries\amd64ret\lib\amd64\libvcruntime.amd64.pdb': No such file or directory

         lld-link: Cannot use debug info for 'libcmt.lib(argv_mode.obj)' [LNK4099]
         >>> failed to load reference 'D:\a\_work\1\s\binaries\amd64ret\lib\amd64\libcmt.amd64.pdb': No such file or directory

         lld-link: Cannot use debug info for 'libcmt.lib(ucrt_detection.obj)' [LNK4099]
         >>> failed to load reference 'D:\a\_work\1\s\binaries\amd64ret\lib\amd64\libcmt.amd64.pdb': No such file or directory

         lld-link: Cannot use debug info for 'libcmt.lib(ucrt_stubs.obj)' [LNK4099]
         >>> failed to load reference 'D:\a\_work\1\s\binaries\amd64ret\lib\amd64\libcmt.amd64.pdb': No such file or directory
  |
  = note: `#[warn(linker_messages)]` on by default

warning: `sanctissimissa` (lib) generated 1 warning
warning: linker stderr: lld-link: Cannot use debug info for 'libcmt.lib(new_scalar_nothrow.obj)' [LNK4099]
         >>> failed to load reference 'D:\a\_work\1\s\binaries\amd64ret\lib\amd64\libcmt.amd64.pdb': No such file or directory

         lld-link: Cannot use debug info for 'libcmt.lib(delete_scalar_size.obj)' [LNK4099]
         >>> failed to load reference 'D:\a\_work\1\s\binaries\amd64ret\lib\amd64\libcmt.amd64.pdb': No such file or directory

         lld-link: Cannot use debug info for 'libcmt.lib(std_type_info_static.obj)' [LNK4099]
         >>> failed to load reference 'D:\a\_work\1\s\binaries\amd64ret\lib\amd64\libcmt.amd64.pdb': No such file or directory

         lld-link: Cannot use debug info for 'libcmt.lib(new_array.obj)' [LNK4099]
         >>> failed to load reference 'D:\a\_work\1\s\binaries\amd64ret\lib\amd64\libcmt.amd64.pdb': No such file or directory

         lld-link: Cannot use debug info for 'libcmt.lib(delete_array.obj)' [LNK4099]
         >>> failed to load reference 'D:\a\_work\1\s\binaries\amd64ret\lib\amd64\libcmt.amd64.pdb': No such file or directory

         lld-link: Cannot use debug info for 'libcmt.lib(std_nothrow.obj)' [LNK4099]
         >>> failed to load reference 'D:\a\_work\1\s\binaries\amd64ret\lib\amd64\libcmt.amd64.pdb': No such file or directory

         lld-link: Cannot use debug info for 'libcmt.lib(thread_safe_statics.obj)' [LNK4099]
         >>> failed to load reference 'D:\a\_work\1\s\binaries\amd64ret\lib\amd64\libcmt.amd64.pdb': No such file or directory

         lld-link: Cannot use debug info for 'libcmt.lib(guard_support.obj)' [LNK4099]
         >>> failed to load reference 'D:\a\_work\1\s\binaries\amd64ret\lib\amd64\libcmt.amd64.pdb': No such file or directory

         lld-link: Cannot use debug info for 'libcmt.lib(gs_cookie.obj)' [LNK4099]
         >>> failed to load reference 'D:\a\_work\1\s\binaries\amd64ret\lib\amd64\libcmt.amd64.pdb': No such file or directory

         lld-link: Cannot use debug info for 'libcmt.lib(fltused.obj)' [LNK4099]
         >>> failed to load reference 'D:\a\_work\1\s\binaries\amd64ret\lib\amd64\libcmt.amd64.pdb': No such file or directory

         lld-link: Cannot use debug info for 'libcmt.lib(tlssup.obj)' [LNK4099]
         >>> failed to load reference 'D:\a\_work\1\s\binaries\amd64ret\lib\amd64\libcmt.amd64.pdb': No such file or directory

         lld-link: Cannot use debug info for 'libvcruntime.lib(throw.obj)' [LNK4099]
         >>> failed to load reference 'D:\a\_work\1\s\binaries\amd64ret\lib\amd64\libvcruntime.amd64.pdb': No such file or directory

         lld-link: Cannot use debug info for 'libvcruntime.lib(risctrnsctrl.obj)' [LNK4099]
         >>> failed to load reference 'D:\a\_work\1\s\binaries\amd64ret\lib\amd64\libvcruntime.amd64.pdb': No such file or directory

         lld-link: Cannot use debug info for 'libvcruntime.lib(purevirt.obj)' [LNK4099]
         >>> failed to load reference 'D:\a\_work\1\s\binaries\amd64ret\lib\amd64\libvcruntime.amd64.pdb': No such file or directory

         lld-link: Cannot use debug info for 'libvcruntime.lib(wcsrchr.obj)' [LNK4099]
         >>> failed to load reference 'D:\a\_work\1\s\binaries\amd64ret\lib\amd64\libvcruntime.amd64.pdb': No such file or directory

         lld-link: Cannot use debug info for 'libcmt.lib(new_scalar.obj)' [LNK4099]
         >>> failed to load reference 'D:\a\_work\1\s\binaries\amd64ret\lib\amd64\libcmt.amd64.pdb': No such file or directory

         lld-link: Cannot use debug info for 'libcmt.lib(delete_scalar.obj)' [LNK4099]
         >>> failed to load reference 'D:\a\_work\1\s\binaries\amd64ret\lib\amd64\libcmt.amd64.pdb': No such file or directory

         lld-link: Cannot use debug info for 'libcmt.lib(gs_report.obj)' [LNK4099]
         >>> failed to load reference 'D:\a\_work\1\s\binaries\amd64ret\lib\amd64\libcmt.amd64.pdb': No such file or directory

         lld-link: Cannot use debug info for 'libvcruntime.lib(per_thread_data.obj)' [LNK4099]
         >>> failed to load reference 'D:\a\_work\1\s\binaries\amd64ret\lib\amd64\libvcruntime.amd64.pdb': No such file or directory

         lld-link: Cannot use debug info for 'libvcruntime.lib(ehstate.obj)' [LNK4099]
         >>> failed to load reference 'D:\a\_work\1\s\binaries\amd64ret\lib\amd64\libvcruntime.amd64.pdb': No such file or directory

         lld-link: Cannot use debug info for 'libvcruntime.lib(frame.obj)' [LNK4099]
         >>> failed to load reference 'D:\a\_work\1\s\binaries\amd64ret\lib\amd64\libvcruntime.amd64.pdb': No such file or directory

         lld-link: Cannot use debug info for 'libvcruntime.lib(riscchandler.obj)' [LNK4099]
         >>> failed to load reference 'D:\a\_work\1\s\binaries\amd64ret\lib\amd64\libvcruntime.amd64.pdb': No such file or directory

         lld-link: Cannot use debug info for 'libcmt.lib(gshandler.obj)' [LNK4099]
         >>> failed to load reference 'D:\a\_work\1\s\binaries\amd64ret\lib\amd64\libcmt.amd64.pdb': No such file or directory

         lld-link: Cannot use debug info for 'libvcruntime.lib(purevirt_data.obj)' [LNK4099]
         >>> failed to load reference 'D:\a\_work\1\s\binaries\amd64ret\lib\amd64\libvcruntime.amd64.pdb': No such file or directory

         lld-link: Cannot use debug info for 'libcmt.lib(cpu_disp.obj)' [LNK4099]
         >>> failed to load reference 'D:\a\_work\1\s\binaries\amd64ret\lib\amd64\libcmt.amd64.pdb': No such file or directory

         lld-link: Cannot use debug info for 'libcmt.lib(throw_bad_alloc.obj)' [LNK4099]
         >>> failed to load reference 'D:\a\_work\1\s\binaries\amd64ret\lib\amd64\libcmt.amd64.pdb': No such file or directory

         lld-link: Cannot use debug info for 'libvcruntime.lib(winapi_downlevel.obj)' [LNK4099]
         >>> failed to load reference 'D:\a\_work\1\s\binaries\amd64ret\lib\amd64\libvcruntime.amd64.pdb': No such file or directory

         lld-link: Cannot use debug info for 'libvcruntime.lib(ehhelpers.obj)' [LNK4099]
         >>> failed to load reference 'D:\a\_work\1\s\binaries\amd64ret\lib\amd64\libvcruntime.amd64.pdb': No such file or directory

         lld-link: Cannot use debug info for 'libvcruntime.lib(std_exception.obj)' [LNK4099]
         >>> failed to load reference 'D:\a\_work\1\s\binaries\amd64ret\lib\amd64\libvcruntime.amd64.pdb': No such file or directory

         lld-link: Cannot use debug info for 'libvcruntime.lib(std_type_info.obj)' [LNK4099]
         >>> failed to load reference 'D:\a\_work\1\s\binaries\amd64ret\lib\amd64\libvcruntime.amd64.pdb': No such file or directory

         lld-link: Cannot use debug info for 'libvcruntime.lib(jbcxrval.obj)' [LNK4099]
         >>> failed to load reference 'D:\a\_work\1\s\binaries\amd64ret\lib\amd64\libvcruntime.amd64.pdb': No such file or directory

         lld-link: Cannot use debug info for 'libcmt.lib(gshandlerseh.obj)' [LNK4099]
         >>> failed to load reference 'D:\a\_work\1\s\binaries\amd64ret\lib\amd64\libcmt.amd64.pdb': No such file or directory

         lld-link: Cannot use debug info for 'libcmt.lib(pesect.obj)' [LNK4099]
         >>> failed to load reference 'D:\a\_work\1\s\binaries\amd64ret\lib\amd64\libcmt.amd64.pdb': No such file or directory

         lld-link: Cannot use debug info for 'libvcruntime.lib(undname.obj)' [LNK4099]
         >>> failed to load reference 'D:\a\_work\1\s\binaries\amd64ret\lib\amd64\libvcruntime.amd64.pdb': No such file or directory

         lld-link: Cannot use debug info for 'libvcruntime.lib(locks.obj)' [LNK4099]
         >>> failed to load reference 'D:\a\_work\1\s\binaries\amd64ret\lib\amd64\libvcruntime.amd64.pdb': No such file or directory

         lld-link: Cannot use debug info for 'libcmt.lib(exe_main.obj)' [LNK4099]
         >>> failed to load reference 'D:\a\_work\1\s\binaries\amd64ret\lib\amd64\libcmt.amd64.pdb': No such file or directory

         lld-link: Cannot use debug info for 'libcmt.lib(loadcfg.obj)' [LNK4099]
         >>> failed to load reference 'D:\a\_work\1\s\binaries\amd64ret\lib\amd64\libcmt.amd64.pdb': No such file or directory

         lld-link: Cannot use debug info for 'libcmt.lib(utility.obj)' [LNK4099]
         >>> failed to load reference 'D:\a\_work\1\s\binaries\amd64ret\lib\amd64\libcmt.amd64.pdb': No such file or directory

         lld-link: Cannot use debug info for 'libcmt.lib(gs_support.obj)' [LNK4099]
         >>> failed to load reference 'D:\a\_work\1\s\binaries\amd64ret\lib\amd64\libcmt.amd64.pdb': No such file or directory

         lld-link: Cannot use debug info for 'libcmt.lib(matherr.obj)' [LNK4099]
         >>> failed to load reference 'D:\a\_work\1\s\binaries\amd64ret\lib\amd64\libcmt.amd64.pdb': No such file or directory

         lld-link: Cannot use debug info for 'libcmt.lib(argv_mode.obj)' [LNK4099]
         >>> failed to load reference 'D:\a\_work\1\s\binaries\amd64ret\lib\amd64\libcmt.amd64.pdb': No such file or directory

         lld-link: Cannot use debug info for 'libcmt.lib(commit_mode.obj)' [LNK4099]
         >>> failed to load reference 'D:\a\_work\1\s\binaries\amd64ret\lib\amd64\libcmt.amd64.pdb': No such file or directory

         lld-link: Cannot use debug info for 'libcmt.lib(file_mode.obj)' [LNK4099]
         >>> failed to load reference 'D:\a\_work\1\s\binaries\amd64ret\lib\amd64\libcmt.amd64.pdb': No such file or directory

         lld-link: Cannot use debug info for 'libcmt.lib(new_mode.obj)' [LNK4099]
         >>> failed to load reference 'D:\a\_work\1\s\binaries\amd64ret\lib\amd64\libcmt.amd64.pdb': No such file or directory

         lld-link: Cannot use debug info for 'libcmt.lib(thread_locale.obj)' [LNK4099]
         >>> failed to load reference 'D:\a\_work\1\s\binaries\amd64ret\lib\amd64\libcmt.amd64.pdb': No such file or directory

         lld-link: Cannot use debug info for 'libcmt.lib(tncleanup.obj)' [LNK4099]
         >>> failed to load reference 'D:\a\_work\1\s\binaries\amd64ret\lib\amd64\libcmt.amd64.pdb': No such file or directory

         lld-link: Cannot use debug info for 'libcmt.lib(env_mode.obj)' [LNK4099]
         >>> failed to load reference 'D:\a\_work\1\s\binaries\amd64ret\lib\amd64\libcmt.amd64.pdb': No such file or directory

         lld-link: Cannot use debug info for 'libcmt.lib(invalid_parameter_handler.obj)' [LNK4099]
         >>> failed to load reference 'D:\a\_work\1\s\binaries\amd64ret\lib\amd64\libcmt.amd64.pdb': No such file or directory

         lld-link: Cannot use debug info for 'libcmt.lib(denormal_control.obj)' [LNK4099]
         >>> failed to load reference 'D:\a\_work\1\s\binaries\amd64ret\lib\amd64\libcmt.amd64.pdb': No such file or directory

         lld-link: Cannot use debug info for 'libcmt.lib(default_local_stdio_options.obj)' [LNK4099]
         >>> failed to load reference 'D:\a\_work\1\s\binaries\amd64ret\lib\amd64\libcmt.amd64.pdb': No such file or directory

         lld-link: Cannot use debug info for 'libcmt.lib(matherr_detection.obj)' [LNK4099]
         >>> failed to load reference 'D:\a\_work\1\s\binaries\amd64ret\lib\amd64\libcmt.amd64.pdb': No such file or directory

         lld-link: Cannot use debug info for 'libcmt.lib(dyn_tls_init.obj)' [LNK4099]
         >>> failed to load reference 'D:\a\_work\1\s\binaries\amd64ret\lib\amd64\libcmt.amd64.pdb': No such file or directory

         lld-link: Cannot use debug info for 'libcmt.lib(dyn_tls_dtor.obj)' [LNK4099]
         >>> failed to load reference 'D:\a\_work\1\s\binaries\amd64ret\lib\amd64\libcmt.amd64.pdb': No such file or directory

         lld-link: Cannot use debug info for 'libcmt.lib(utility_desktop.obj)' [LNK4099]
         >>> failed to load reference 'D:\a\_work\1\s\binaries\amd64ret\lib\amd64\libcmt.amd64.pdb': No such file or directory

         lld-link: Cannot use debug info for 'libcmt.lib(initsect.obj)' [LNK4099]
         >>> failed to load reference 'D:\a\_work\1\s\binaries\amd64ret\lib\amd64\libcmt.amd64.pdb': No such file or directory

         lld-link: Cannot use debug info for 'libcmt.lib(initializers.obj)' [LNK4099]
         >>> failed to load reference 'D:\a\_work\1\s\binaries\amd64ret\lib\amd64\libcmt.amd64.pdb': No such file or directory

         lld-link: Cannot use debug info for 'libvcruntime.lib(softmemtag.obj)' [LNK4099]
         >>> failed to load reference 'D:\a\_work\1\s\binaries\amd64ret\lib\amd64\libvcruntime.amd64.pdb': No such file or directory

         lld-link: Cannot use debug info for 'libvcruntime.lib(initialization.obj)' [LNK4099]
         >>> failed to load reference 'D:\a\_work\1\s\binaries\amd64ret\lib\amd64\libvcruntime.amd64.pdb': No such file or directory

         lld-link: Cannot use debug info for 'libcmt.lib(ucrt_detection.obj)' [LNK4099]
         >>> failed to load reference 'D:\a\_work\1\s\binaries\amd64ret\lib\amd64\libcmt.amd64.pdb': No such file or directory

         lld-link: Cannot use debug info for 'libcmt.lib(ucrt_stubs.obj)' [LNK4099]
         >>> failed to load reference 'D:\a\_work\1\s\binaries\amd64ret\lib\amd64\libcmt.amd64.pdb': No such file or directory
  |
  = note: `#[warn(linker_messages)]` on by default

warning: `sanctissimissa` (bin "sanctissimissa") generated 1 warning
    Finished `release` profile [optimized] target(s) in 9m 47s
       Built application at: /home/robin/Desktop/devProjects/sanctissimissa/src-tauri/target/x86_64-pc-windows-msvc/release/sanctissimissa.exe
        Warn Cross-platform compilation is experimental and does not support all features. Please use a matching host system for full compatibility.
        Warn Signing, by default, is only supported on Windows hosts, but you can specify a custom signing command in `bundler > windows > sign_command`, for now, skipping signing the installer...
        Info Patching /home/robin/Desktop/devProjects/sanctissimissa/src-tauri/target/x86_64-pc-windows-msvc/release/sanctissimissa.exe with bundle type information: nsis
        Info Target: x64
     Running makensis to produce /home/robin/Desktop/devProjects/sanctissimissa/src-tauri/target/x86_64-pc-windows-msvc/release/bundle/nsis/SanctissiMissa_1.41.21298_x64-setup.exe
warning 5202: -OUTPUTCHARSET is disabled for non Win32 platforms.
        Warn Signing, by default, is only supported on Windows hosts, but you can specify a custom signing command in `bundler > windows > sign_command`, for now, skipping signing the installer...
    Finished 1 bundle at:
        /home/robin/Desktop/devProjects/sanctissimissa/src-tauri/target/x86_64-pc-windows-msvc/release/bundle/nsis/SanctissiMissa_1.41.21298_x64-setup.exe

⏳ Pending windows-msi: requires another host or earlier required stages.
⏳ Pending windows-msix: requires another host or earlier required stages.
🔧 Stage: android-debug
[provision-secrets] SAM_KEYSTORE_PROPERTIES -> /home/robin/Desktop/devProjects/sanctissimissa/src-tauri/gen/android/keystore.properties (materialized from Admin-Manual pointer)
(node:2409578) Warning: The 'NO_COLOR' env is ignored due to the 'FORCE_COLOR' env being set.
(Use `node --trace-warnings ...` to show where the warning was created)
        Info Using installed NDK: /home/robin/Android/Sdk/ndk/27.0.12077973
        Info Looking up installed tauri packages to check mismatched versions...
     Running beforeBuildCommand `npm run build:vite`

> sanctissimissa@1.41.21298 prebuild:vite
> node scripts/sync-db.mjs

synced assets/missal.db -> public/missal.db (195137536 bytes)

> sanctissimissa@1.41.21298 build:vite
> node scripts/pre-build-gate.mjs && tsc -b && vite build

GATE PASS: version=1.41.21298, git clean, no duplicate in dist/
(node:2416035) Warning: The 'NO_COLOR' env is ignored due to the 'FORCE_COLOR' env being set.
(Use `node --trace-warnings ...` to show where the warning was created)
vite v6.4.3 building for production...
transforming...
✓ 944 modules transformed.
rendering chunks...
[plugin vite:reporter]
(!)  /home/robin/Desktop/devProjects/sanctissimissa/node_modules/sql.js/dist/sql-wasm-browser.js?commonjs-es-import is dynamically imported by /home/robin/Desktop/devProjects/sanctissimissa/src/core/accompaniment/store.ts but also statically imported by /home/robin/Desktop/devProjects/sanctissimissa/src/core/data/corpusDb.ts, dynamic import will not move module into another chunk.

[plugin vite:reporter]
(!) /home/robin/Desktop/devProjects/sanctissimissa/node_modules/sql.js/dist/sql-wasm.wasm?url is dynamically imported by /home/robin/Desktop/devProjects/sanctissimissa/src/core/accompaniment/store.ts but also statically imported by /home/robin/Desktop/devProjects/sanctissimissa/src/core/data/corpusDb.ts, dynamic import will not move module into another chunk.

computing gzip size...
dist-web/registerSW.js                      0.13 kB
dist-web/manifest.webmanifest               0.44 kB
dist-web/index.html                         0.70 kB │ gzip:   0.41 kB
dist-web/assets/sql-wasm-UFUCzYNW.wasm    659.73 kB │ gzip: 323.01 kB
dist-web/assets/index-qmwzhumC.css         63.32 kB │ gzip:  12.90 kB
dist-web/assets/index-6L8esETH.css        222.14 kB │ gzip:  34.88 kB
dist-web/assets/core-DV6XEvTN.js            0.10 kB │ gzip:   0.11 kB
dist-web/assets/index-CC3jJH8B.js          15.19 kB │ gzip:   5.94 kB
dist-web/assets/index-DZfCvmSq.js         454.96 kB │ gzip: 149.54 kB
dist-web/assets/ckeditor5-DARfDnpa.js   1,027.26 kB │ gzip: 250.25 kB
✓ built in 5.05s

PWA v1.3.0
mode      generateSW
precache  14 entries (2895.77 KiB)
files generated
  dist-web/sw.js
  dist-web/workbox-a3c94b52.js
[1m[92m   Compiling[0m proc-macro2 v1.0.106
[1m[92m   Compiling[0m quote v1.0.46
[1m[92m   Compiling[0m unicode-ident v1.0.24
[1m[92m   Compiling[0m libc v0.2.186
[1m[92m   Compiling[0m serde_core v1.0.228
[1m[92m   Compiling[0m siphasher v1.0.3
[1m[92m   Compiling[0m fastrand v2.4.1
[1m[92m   Compiling[0m icu_properties_data v2.2.0
[1m[92m   Compiling[0m icu_normalizer_data v2.2.0
[1m[92m   Compiling[0m serde v1.0.228
[1m[92m   Compiling[0m stable_deref_trait v1.2.1
[1m[92m   Compiling[0m parking_lot_core v0.9.12
[1m[92m   Compiling[0m cfg-if v1.0.4
[1m[92m   Compiling[0m zmij v1.0.21
[1m[92m   Compiling[0m smallvec v1.15.2
[1m[92m   Compiling[0m winnow v1.0.3
[1m[92m   Compiling[0m phf_shared v0.13.1
[1m[92m   Compiling[0m memchr v2.8.2
[1m[92m   Compiling[0m version_check v0.9.5
[1m[92m   Compiling[0m thiserror v1.0.69
[1m[92m   Compiling[0m typeid v1.0.3
[1m[92m   Compiling[0m equivalent v1.0.2
[1m[92m   Compiling[0m itoa v1.0.18
[1m[92m   Compiling[0m hashbrown v0.17.1
[1m[92m   Compiling[0m num-conv v0.2.2
[1m[92m   Compiling[0m phf_generator v0.13.1
[1m[92m   Compiling[0m time-core v0.1.9
[1m[92m   Compiling[0m ident_case v1.0.1
[1m[92m   Compiling[0m strsim v0.11.1
[1m[92m   Compiling[0m phf_codegen v0.13.1
[1m[92m   Compiling[0m thiserror v2.0.18
[1m[92m   Compiling[0m writeable v0.6.3
[1m[92m   Compiling[0m litemap v0.8.2
[1m[92m   Compiling[0m erased-serde v0.4.10
[1m[92m   Compiling[0m selectors v0.36.1
[1m[92m   Compiling[0m generic-array v0.14.7
[1m[92m   Compiling[0m utf8_iter v1.0.4
[1m[92m   Compiling[0m new_debug_unreachable v1.0.6
[1m[92m   Compiling[0m indexmap v2.14.0
[1m[92m   Compiling[0m anyhow v1.0.103
[1m[92m   Compiling[0m scopeguard v1.2.0
[1m[92m   Compiling[0m precomputed-hash v0.1.1
[1m[92m   Compiling[0m lock_api v0.4.14
[1m[92m   Compiling[0m getrandom v0.4.3
[1m[92m   Compiling[0m serde_json v1.0.150
[1m[92m   Compiling[0m toml_writer v1.1.1+spec-1.1.0
[1m[92m   Compiling[0m ctor-proc-macro v0.0.7
[1m[92m   Compiling[0m log v0.4.33
[1m[92m   Compiling[0m dtoa v1.0.11
[1m[92m   Compiling[0m utf-8 v0.7.6
[1m[92m   Compiling[0m syn v2.0.118
[1m[92m   Compiling[0m string_cache_codegen v0.6.1
[1m[92m   Compiling[0m toml_parser v1.1.2+spec-1.1.0
[1m[92m   Compiling[0m autocfg v1.5.1
[1m[92m   Compiling[0m percent-encoding v2.3.2
[1m[92m   Compiling[0m dtoa-short v0.3.5
[1m[92m   Compiling[0m tendril v0.5.0
[1m[92m   Compiling[0m form_urlencoded v1.2.2
[1m[92m   Compiling[0m aho-corasick v1.1.4
[1m[92m   Compiling[0m alloc-no-stdlib v2.0.4
[1m[92m   Compiling[0m unic-common v0.9.0
[1m[92m   Compiling[0m unic-char-range v0.9.0
[1m[92m   Compiling[0m regex-syntax v0.8.11
[1m[92m   Compiling[0m parking_lot v0.12.5
[1m[92m   Compiling[0m camino v1.2.4
[1m[92m   Compiling[0m byteorder v1.5.0
[1m[92m   Compiling[0m unic-char-property v0.9.0
[1m[92m   Compiling[0m alloc-stdlib v0.2.4
[1m[92m   Compiling[0m unic-ucd-version v0.9.0
[1m[92m   Compiling[0m servo_arc v0.4.3
[1m[92m   Compiling[0m futures-core v0.3.32
[1m[92m   Compiling[0m schemars v0.8.22
[1m[92m   Compiling[0m rustc-hash v2.1.3
[1m[92m   Compiling[0m bitflags v2.13.0
[1m[92m   Compiling[0m string_cache v0.9.0
[1m[92m   Compiling[0m indexmap v1.9.3
[1m[92m   Compiling[0m pin-project-lite v0.2.17
[1m[92m   Compiling[0m bit-vec v0.8.0
[1m[92m   Compiling[0m fnv v1.0.7
[1m[92m   Compiling[0m hashbrown v0.12.3
[1m[92m   Compiling[0m deranged v0.5.8
[1m[92m   Compiling[0m powerfmt v0.2.0
[1m[92m   Compiling[0m web_atoms v0.2.5
[1m[92m   Compiling[0m brotli-decompressor v5.0.3
[1m[92m   Compiling[0m bit-set v0.8.0
[1m[92m   Compiling[0m unic-ucd-ident v0.9.0
[1m[92m   Compiling[0m quick-xml v0.41.0
[1m[92m   Compiling[0m bytes v1.12.0
[1m[92m   Compiling[0m dunce v1.0.5
[1m[92m   Compiling[0m dyn-clone v1.0.20
[1m[92m   Compiling[0m foldhash v0.2.0
[1m[92m   Compiling[0m jni-sys v0.3.1
[1m[92m   Compiling[0m same-file v1.0.6
[1m[92m   Compiling[0m base64 v0.22.1
[1m[92m   Compiling[0m walkdir v2.5.0
[1m[92m   Compiling[0m toml_datetime v1.1.1+spec-1.1.0
[1m[92m   Compiling[0m serde_spanned v1.1.1
[1m[92m   Compiling[0m semver v1.0.28
[1m[92m   Compiling[0m uuid v1.23.4
[1m[92m   Compiling[0m http v1.4.2
[1m[92m   Compiling[0m toml v1.1.2+spec-1.1.0
[1m[92m   Compiling[0m brotli v8.0.4
[1m[92m   Compiling[0m time v0.3.53
[1m[92m   Compiling[0m ctor v0.8.0
[1m[92m   Compiling[0m cfb v0.7.3
[1m[92m   Compiling[0m serde-untagged v0.1.9
[1m[92m   Compiling[0m glob v0.3.3
[1m[92m   Compiling[0m find-msvc-tools v0.1.9
[1m[92m   Compiling[0m shlex v2.0.1
[1m[92m   Compiling[0m rustc_version v0.4.1
[1m[92m   Compiling[0m toml_edit v0.25.12+spec-1.1.0
[1m[92m   Compiling[0m regex-automata v0.4.14
[1m[92m   Compiling[0m cc v1.2.66
[1m[92m   Compiling[0m toml_datetime v0.7.5+spec-1.1.0
[1m[92m   Compiling[0m socket2 v0.6.4
[1m[92m   Compiling[0m infer v0.19.0
[1m[92m   Compiling[0m mio v1.2.1
[1m[92m   Compiling[0m time-macros v0.2.31
[1m[92m   Compiling[0m winnow v0.7.15
[1m[92m   Compiling[0m simd-adler32 v0.3.9
[1m[92m   Compiling[0m typenum v1.20.1
[1m[92m   Compiling[0m crc32fast v1.5.0
[1m[92m   Compiling[0m synstructure v0.13.2
[1m[92m   Compiling[0m darling_core v0.23.0
[1m[92m   Compiling[0m serde_derive_internals v0.29.1
[1m[92m   Compiling[0m once_cell v1.21.4
[1m[92m   Compiling[0m option-ext v0.2.0
[1m[92m   Compiling[0m rustversion v1.0.22
[1m[92m   Compiling[0m dirs-sys v0.5.0
[1m[92m   Compiling[0m embed-resource v3.0.11
[1m[92m   Compiling[0m proc-macro-crate v3.5.0
[1m[92m   Compiling[0m regex v1.12.4
[1m[92m   Compiling[0m toml v0.9.12+spec-1.1.0
[1m[92m   Compiling[0m adler2 v2.0.1
[1m[92m   Compiling[0m crossbeam-utils v0.8.21
[1m[92m   Compiling[0m heck v0.5.0
[1m[92m   Compiling[0m miniz_oxide v0.8.9
[1m[92m   Compiling[0m tauri-winres v0.3.6
[1m[92m   Compiling[0m dirs v6.0.0
[1m[92m   Compiling[0m cookie v0.18.1
[1m[92m   Compiling[0m cesu8 v1.1.0
[1m[92m   Compiling[0m raw-window-handle v0.6.2
[1m[92m   Compiling[0m httparse v1.10.1
[1m[92m   Compiling[0m futures-task v0.3.32
[1m[92m   Compiling[0m slab v0.4.12
[1m[92m   Compiling[0m flate2 v1.1.9
[1m[92m   Compiling[0m futures-util v0.3.32
[1m[92m   Compiling[0m crypto-common v0.1.7
[1m[92m   Compiling[0m block-buffer v0.10.4
[1m[92m   Compiling[0m fdeflate v0.3.7
[1m[92m   Compiling[0m try-lock v0.2.5
[1m[92m   Compiling[0m bitflags v1.3.2
[1m[92m   Compiling[0m tower-service v0.3.3
[1m[92m   Compiling[0m png v0.17.16
[1m[92m   Compiling[0m want v0.3.1
[1m[92m   Compiling[0m serde_derive v1.0.228
[1m[92m   Compiling[0m zerofrom-derive v0.1.7
[1m[92m   Compiling[0m yoke-derive v0.8.2
[1m[92m   Compiling[0m zerovec-derive v0.11.3
[1m[92m   Compiling[0m displaydoc v0.2.6
[1m[92m   Compiling[0m phf_macros v0.13.1
[1m[92m   Compiling[0m thiserror-impl v1.0.69
[1m[92m   Compiling[0m cssparser-macros v0.6.1
[1m[92m   Compiling[0m derive_more-impl v2.1.1
[1m[92m   Compiling[0m darling_macro v0.23.0
[1m[92m   Compiling[0m thiserror-impl v2.0.18
[1m[92m   Compiling[0m schemars_derive v0.8.22
[1m[92m   Compiling[0m jni-sys-macros v0.4.1
[1m[92m   Compiling[0m num_enum_derive v0.7.6
[1m[92m   Compiling[0m darling v0.23.0
[1m[92m   Compiling[0m serde_with_macros v3.21.0
[1m[92m   Compiling[0m phf v0.13.1
[1m[92m   Compiling[0m cssparser v0.36.0
[1m[92m   Compiling[0m jni-sys v0.4.1
[1m[92m   Compiling[0m derive_more v2.1.1
[1m[92m   Compiling[0m ndk-sys v0.6.0+11769913
[1m[92m   Compiling[0m zerofrom v0.1.8
[1m[92m   Compiling[0m yoke v0.8.3
[1m[92m   Compiling[0m markup5ever v0.38.0
[1m[92m   Compiling[0m zerovec v0.11.6
[1m[92m   Compiling[0m zerotrie v0.2.4
[1m[92m   Compiling[0m html5ever v0.38.0
[1m[92m   Compiling[0m num_enum v0.7.6
[1m[92m   Compiling[0m serde_with v3.21.0
[1m[92m   Compiling[0m tao-macros v0.1.3
[1m[92m   Compiling[0m ndk v0.9.0
[1m[92m   Compiling[0m tinystr v0.8.3
[1m[92m   Compiling[0m potential_utf v0.1.5
[1m[92m   Compiling[0m icu_collections v2.2.0
[1m[92m   Compiling[0m icu_locale_core v2.2.0
[1m[92m   Compiling[0m dom_query v0.27.0
[1m[92m   Compiling[0m crossbeam-channel v0.5.15
[1m[92m   Compiling[0m digest v0.10.7
[1m[92m   Compiling[0m tracing-core v0.1.36
[1m[92m   Compiling[0m futures-channel v0.3.32
[1m[92m   Compiling[0m sync_wrapper v1.0.2
[1m[92m   Compiling[0m icu_provider v2.2.0
[1m[92m   Compiling[0m cpufeatures v0.2.17
[1m[92m   Compiling[0m wry v0.55.1
[1m[92m   Compiling[0m icu_properties v2.2.0
[1m[92m   Compiling[0m icu_normalizer v2.2.0
[1m[92m   Compiling[0m atomic-waker v1.1.2
[1m[92m   Compiling[0m tower-layer v0.3.3
[1m[92m   Compiling[0m tauri-runtime v2.11.3
[1m[92m   Compiling[0m sha2 v0.10.9
[1m[92m   Compiling[0m tracing v0.1.44
[1m[92m   Compiling[0m ico v0.5.0
[1m[92m   Compiling[0m tauri-runtime-wry v2.11.4
[1m[92m   Compiling[0m getrandom v0.3.4
[1m[92m   Compiling[0m futures-sink v0.3.32
[1m[92m   Compiling[0m ipnet v2.12.0
[1m[92m   Compiling[0m dpi v0.1.2
[1m[92m   Compiling[0m cargo-platform v0.1.9
[1m[92m   Compiling[0m jsonptr v0.6.3
[1m[92m   Compiling[0m plist v1.10.0
[1m[92m   Compiling[0m cargo_toml v0.22.3
[1m[92m   Compiling[0m cargo_metadata v0.19.2
[1m[92m   Compiling[0m serialize-to-javascript-impl v0.1.2
[1m[92m   Compiling[0m idna_adapter v1.2.2
[1m[92m   Compiling[0m idna v1.1.0
[1m[92m   Compiling[0m json-patch v3.0.1
[1m[92m   Compiling[0m tokio v1.52.3
[1m[92m   Compiling[0m combine v4.6.7
[1m[92m   Compiling[0m serialize-to-javascript v0.1.2
[1m[92m   Compiling[0m url v2.5.8
[1m[92m   Compiling[0m serde_repr v0.1.20
[1m[92m   Compiling[0m mime v0.3.17
[1m[92m   Compiling[0m http-body v1.0.1
[1m[92m   Compiling[0m http-body-util v0.1.3
[1m[92m   Compiling[0m urlpattern v0.3.0
[1m[92m   Compiling[0m tauri-utils v2.9.3
[1m[92m   Compiling[0m jni v0.21.1
[1m[92m   Compiling[0m hyper v1.10.1
[1m[92m   Compiling[0m tower v0.5.3
[1m[92m   Compiling[0m tokio-util v0.7.18
[1m[92m   Compiling[0m tower-http v0.6.11
[1m[92m   Compiling[0m hyper-util v0.1.20
[1m[92m   Compiling[0m reqwest v0.13.4
[1m[92m   Compiling[0m tao v0.35.3
[1m[92m   Compiling[0m tauri-build v2.6.3
[1m[92m   Compiling[0m tauri-codegen v2.6.3
[1m[92m   Compiling[0m tauri v2.11.5
[1m[92m   Compiling[0m tauri-macros v2.6.3
[1m[92m   Compiling[0m sanctissimissa v1.41.21298 (/home/robin/Desktop/devProjects/sanctissimissa/src-tauri)
[1m[92m    Finished[0m `dev` profile [unoptimized + debuginfo] target(s) in 2m 01s
        Info symlinking lib "/home/robin/Desktop/devProjects/sanctissimissa/src-tauri/target/aarch64-linux-android/debug/libsanctissimissa_lib.so" in jniLibs dir "/home/robin/Desktop/devProjects/sanctissimissa/src-tauri/gen/android/app/src/main/jniLibs/arm64-v8a"
        Info "/home/robin/Desktop/devProjects/sanctissimissa/src-tauri/target/aarch64-linux-android/debug/libsanctissimissa_lib.so" requires shared lib "libandroid.so"
        Info "/home/robin/Desktop/devProjects/sanctissimissa/src-tauri/target/aarch64-linux-android/debug/libsanctissimissa_lib.so" requires shared lib "libdl.so"
        Info "/home/robin/Desktop/devProjects/sanctissimissa/src-tauri/target/aarch64-linux-android/debug/libsanctissimissa_lib.so" requires shared lib "liblog.so"
        Info "/home/robin/Desktop/devProjects/sanctissimissa/src-tauri/target/aarch64-linux-android/debug/libsanctissimissa_lib.so" requires shared lib "libm.so"
        Info "/home/robin/Desktop/devProjects/sanctissimissa/src-tauri/target/aarch64-linux-android/debug/libsanctissimissa_lib.so" requires shared lib "libc.so"
        Info symlink at "/home/robin/Desktop/devProjects/sanctissimissa/src-tauri/gen/android/app/src/main/jniLibs/arm64-v8a/libsanctissimissa_lib.so" points to "/home/robin/Desktop/devProjects/sanctissimissa/src-tauri/target/aarch64-linux-android/debug/libsanctissimissa_lib.so"
w: file:///home/robin/Desktop/devProjects/sanctissimissa/src-tauri/gen/android/buildSrc/src/main/java/mba/robin/sanctissimissa/kotlin/BuildTask.kt:53:17 'exec(Action<in ExecSpec!>): ExecResult' is deprecated. Deprecated in Java
        Info connection; remote_addr=127.0.0.1:42986 conn_id=0
[1m[32m        Info[0m Using installed NDK: /home/robin/Android/Sdk/ndk/27.0.12077973
[1m[92m   Compiling[0m wry v0.55.1
[1m[92m   Compiling[0m tauri v2.11.5
[1m[92m   Compiling[0m sanctissimissa v1.41.21298 (/home/robin/Desktop/devProjects/sanctissimissa/src-tauri)
[1m[92m   Compiling[0m tauri-runtime-wry v2.11.4
w: file:///home/robin/.cargo/registry/src/index.crates.io-1949cf8c6b5b557f/tauri-2.11.5/mobile/android/src/main/java/app/tauri/AppPlugin.kt:35:37 'onBackPressed(): Unit' is deprecated. Deprecated in Java
w: file:///home/robin/.cargo/registry/src/index.crates.io-1949cf8c6b5b557f/tauri-2.11.5/mobile/android/src/main/java/app/tauri/plugin/Plugin.kt:107:5 'onDestroy(): Unit' is deprecated. use onDestroy(activity: AppCompatActivity) instead
w: file:///home/robin/.cargo/registry/src/index.crates.io-1949cf8c6b5b557f/tauri-2.11.5/mobile/android/src/main/java/app/tauri/plugin/Plugin.kt:112:5 'onRestart(): Unit' is deprecated. use onRestart(activity: AppCompatActivity) instead
w: file:///home/robin/.cargo/registry/src/index.crates.io-1949cf8c6b5b557f/tauri-2.11.5/mobile/android/src/main/java/app/tauri/plugin/PluginMethodData.kt:11:23 Parameter 'methodDecorator' is never used
[1m[92m    Finished[0m `dev` profile [unoptimized + debuginfo] target(s) in 31.51s
[1m[32m        Info[0m symlinking lib "/home/robin/Desktop/devProjects/sanctissimissa/src-tauri/target/aarch64-linux-android/debug/libsanctissimissa_lib.so" in jniLibs dir "/home/robin/Desktop/devProjects/sanctissimissa/src-tauri/gen/android/app/src/main/jniLibs/arm64-v8a"
[1m[32m        Info[0m "/home/robin/Desktop/devProjects/sanctissimissa/src-tauri/target/aarch64-linux-android/debug/libsanctissimissa_lib.so" requires shared lib "libandroid.so"
[1m[32m        Info[0m "/home/robin/Desktop/devProjects/sanctissimissa/src-tauri/target/aarch64-linux-android/debug/libsanctissimissa_lib.so" requires shared lib "libdl.so"
[1m[32m        Info[0m "/home/robin/Desktop/devProjects/sanctissimissa/src-tauri/target/aarch64-linux-android/debug/libsanctissimissa_lib.so" requires shared lib "liblog.so"
[1m[32m        Info[0m "/home/robin/Desktop/devProjects/sanctissimissa/src-tauri/target/aarch64-linux-android/debug/libsanctissimissa_lib.so" requires shared lib "libm.so"
[1m[32m        Info[0m "/home/robin/Desktop/devProjects/sanctissimissa/src-tauri/target/aarch64-linux-android/debug/libsanctissimissa_lib.so" requires shared lib "libc.so"
Java compiler version 21 has deprecated support for compiling with source/target version 8.
Try one of the following options:
    1. [Recommended] Use Java toolchain with a lower language version
    2. Set a higher source/target version
    3. Use a lower version of the JDK running the build (if you're not using Java toolchain)
For more details on how to configure these settings, see https://developer.android.com/build/jdks.
To suppress this warning, set android.javaCompile.suppressSourceTargetDeprecationWarning=true in gradle.properties.
warning: [options] source value 8 is obsolete and will be removed in a future release
warning: [options] target value 8 is obsolete and will be removed in a future release
warning: [options] To suppress warnings about obsolete options, use -Xlint:-options.
3 warnings
        Info connection; remote_addr=127.0.0.1:34336 conn_id=1
[1m[32m        Info[0m Using installed NDK: /home/robin/Android/Sdk/ndk/27.0.12077973
[1m[92m   Compiling[0m stable_deref_trait v1.2.1
[1m[92m   Compiling[0m serde_core v1.0.228
[1m[92m   Compiling[0m serde v1.0.228
[1m[92m   Compiling[0m libc v0.2.186
[1m[92m   Compiling[0m smallvec v1.15.2
[1m[92m   Compiling[0m memchr v2.8.2
[1m[92m   Compiling[0m itoa v1.0.18
[1m[92m   Compiling[0m zerofrom v0.1.8
[1m[92m   Compiling[0m writeable v0.6.3
[1m[92m   Compiling[0m cfg-if v1.0.4
[1m[92m   Compiling[0m litemap v0.8.2
[1m[92m   Compiling[0m utf8_iter v1.0.4
[1m[92m   Compiling[0m siphasher v1.0.3
[1m[92m   Compiling[0m icu_normalizer_data v2.2.0
[1m[92m   Compiling[0m icu_properties_data v2.2.0
[1m[92m   Compiling[0m log v0.4.33
[1m[92m   Compiling[0m pin-project-lite v0.2.17
[1m[92m   Compiling[0m percent-encoding v2.3.2
[1m[92m   Compiling[0m futures-core v0.3.32
[1m[92m   Compiling[0m yoke v0.8.3
[1m[92m   Compiling[0m thiserror v1.0.69
[1m[92m   Compiling[0m zmij v1.0.21
[1m[92m   Compiling[0m parking_lot_core v0.9.12
[1m[92m   Compiling[0m scopeguard v1.2.0
[1m[92m   Compiling[0m phf_shared v0.13.1
[1m[92m   Compiling[0m new_debug_unreachable v1.0.6
[1m[92m   Compiling[0m jni-sys v0.3.1
[1m[92m   Compiling[0m serde_json v1.0.150
[1m[92m   Compiling[0m lock_api v0.4.14
[1m[92m   Compiling[0m form_urlencoded v1.2.2
[1m[92m   Compiling[0m jni-sys v0.4.1
[1m[92m   Compiling[0m bitflags v2.13.0
[1m[92m   Compiling[0m precomputed-hash v0.1.1
[1m[92m   Compiling[0m generic-array v0.14.7
[1m[92m   Compiling[0m powerfmt v0.2.0
[1m[92m   Compiling[0m once_cell v1.21.4
[1m[92m   Compiling[0m zerovec v0.11.6
[1m[92m   Compiling[0m zerotrie v0.2.4
[1m[92m   Compiling[0m deranged v0.5.8
[1m[92m   Compiling[0m base64 v0.22.1
[1m[92m   Compiling[0m typenum v1.20.1
[1m[92m   Compiling[0m phf v0.13.1
[1m[92m   Compiling[0m num-conv v0.2.2
[1m[92m   Compiling[0m time-core v0.1.9
[1m[92m   Compiling[0m aho-corasick v1.1.4
[1m[92m   Compiling[0m web_atoms v0.2.5
[1m[92m   Compiling[0m typeid v1.0.3
[1m[92m   Compiling[0m alloc-no-stdlib v2.0.4
[1m[92m   Compiling[0m utf-8 v0.7.6
[1m[92m   Compiling[0m socket2 v0.6.4
[1m[92m   Compiling[0m mio v1.2.1
[1m[92m   Compiling[0m dtoa v1.0.11
[1m[92m   Compiling[0m regex-syntax v0.8.11
[1m[92m   Compiling[0m unic-char-range v0.9.0
[1m[92m   Compiling[0m unic-common v0.9.0
[1m[92m   Compiling[0m crossbeam-utils v0.8.21
[1m[92m   Compiling[0m alloc-stdlib v0.2.4
[1m[92m   Compiling[0m parking_lot v0.12.5
[1m[92m   Compiling[0m dtoa-short v0.3.5
[1m[92m   Compiling[0m unic-char-property v0.9.0
[1m[92m   Compiling[0m unic-ucd-version v0.9.0
[1m[92m   Compiling[0m tinystr v0.8.3
[1m[92m   Compiling[0m potential_utf v0.1.5
[1m[92m   Compiling[0m tendril v0.5.0
[1m[92m   Compiling[0m thiserror v2.0.18
[1m[92m   Compiling[0m icu_collections v2.2.0
[1m[92m   Compiling[0m icu_locale_core v2.2.0
[1m[92m   Compiling[0m string_cache v0.9.0
[1m[92m   Compiling[0m erased-serde v0.4.10
[1m[92m   Compiling[0m equivalent v1.0.2
[1m[92m   Compiling[0m hashbrown v0.17.1
[1m[92m   Compiling[0m futures-task v0.3.32
[1m[92m   Compiling[0m winnow v1.0.3
[1m[92m   Compiling[0m cesu8 v1.1.0
[1m[92m   Compiling[0m raw-window-handle v0.6.2
[1m[92m   Compiling[0m slab v0.4.12
[1m[92m   Compiling[0m fnv v1.0.7
[1m[92m   Compiling[0m byteorder v1.5.0
[1m[92m   Compiling[0m futures-util v0.3.32
[1m[92m   Compiling[0m toml_parser v1.1.2+spec-1.1.0
[1m[92m   Compiling[0m time v0.3.53
[1m[92m   Compiling[0m httparse v1.10.1
[1m[92m   Compiling[0m cookie v0.18.1
[1m[92m   Compiling[0m num_enum v0.7.6
[1m[92m   Compiling[0m unic-ucd-ident v0.9.0
[1m[92m   Compiling[0m cssparser v0.36.0
[1m[92m   Compiling[0m crypto-common v0.1.7
[1m[92m   Compiling[0m block-buffer v0.10.4
[1m[92m   Compiling[0m brotli-decompressor v5.0.3
[1m[92m   Compiling[0m indexmap v2.14.0
[1m[92m   Compiling[0m ndk-sys v0.6.0+11769913
[1m[92m   Compiling[0m quick-xml v0.41.0
[1m[92m   Compiling[0m servo_arc v0.4.3
[1m[92m   Compiling[0m anyhow v1.0.103
[1m[92m   Compiling[0m derive_more v2.1.1
[1m[92m   Compiling[0m icu_provider v2.2.0
[1m[92m   Compiling[0m markup5ever v0.38.0
[1m[92m   Compiling[0m icu_normalizer v2.2.0
[1m[92m   Compiling[0m icu_properties v2.2.0
[1m[92m   Compiling[0m uuid v1.23.4
[1m[92m   Compiling[0m regex-automata v0.4.14
[1m[92m   Compiling[0m toml_datetime v1.1.1+spec-1.1.0
[1m[92m   Compiling[0m serde_spanned v1.1.1
[1m[92m   Compiling[0m bytes v1.12.0
[1m[92m   Compiling[0m dpi v0.1.2
[1m[92m   Compiling[0m cfb v0.7.3
[1m[92m   Compiling[0m selectors v0.36.1
[1m[92m   Compiling[0m rustc-hash v2.1.3
[1m[92m   Compiling[0m toml_writer v1.1.1+spec-1.1.0
[1m[92m   Compiling[0m try-lock v0.2.5
[1m[92m   Compiling[0m bit-vec v0.8.0
[1m[92m   Compiling[0m same-file v1.0.6
[1m[92m   Compiling[0m tower-service v0.3.3
[1m[92m   Compiling[0m toml v1.1.2+spec-1.1.0
[1m[92m   Compiling[0m walkdir v2.5.0
[1m[92m   Compiling[0m want v0.3.1
[1m[92m   Compiling[0m serde-untagged v0.1.9
[1m[92m   Compiling[0m bit-set v0.8.0
[1m[92m   Compiling[0m http v1.4.2
[1m[92m   Compiling[0m tokio v1.52.3
[1m[92m   Compiling[0m combine v4.6.7
[1m[92m   Compiling[0m jsonptr v0.6.3
[1m[92m   Compiling[0m infer v0.19.0
[1m[92m   Compiling[0m brotli v8.0.4
[1m[92m   Compiling[0m idna_adapter v1.2.2
[1m[92m   Compiling[0m idna v1.1.0
[1m[92m   Compiling[0m json-patch v3.0.1
[1m[92m   Compiling[0m url v2.5.8
[1m[92m   Compiling[0m http-body v1.0.1
[1m[92m   Compiling[0m plist v1.10.0
[1m[92m   Compiling[0m ndk v0.9.0
[1m[92m   Compiling[0m html5ever v0.38.0
[1m[92m   Compiling[0m serde_with v3.21.0
[1m[92m   Compiling[0m crossbeam-channel v0.5.15
[1m[92m   Compiling[0m regex v1.12.4
[1m[92m   Compiling[0m digest v0.10.7
[1m[92m   Compiling[0m urlpattern v0.3.0
[1m[92m   Compiling[0m tracing-core v0.1.36
[1m[92m   Compiling[0m sync_wrapper v1.0.2
[1m[92m   Compiling[0m futures-channel v0.3.32
[1m[92m   Compiling[0m ctor v0.8.0
[1m[92m   Compiling[0m glob v0.3.3
[1m[92m   Compiling[0m dunce v1.0.5
[1m[92m   Compiling[0m semver v1.0.28
[1m[92m   Compiling[0m tower-layer v0.3.3
[1m[92m   Compiling[0m foldhash v0.2.0
[1m[92m   Compiling[0m atomic-waker v1.1.2
[1m[92m   Compiling[0m wry v0.55.1
[1m[92m   Compiling[0m tracing v0.1.44
[1m[92m   Compiling[0m tauri-runtime v2.11.3
[1m[92m   Compiling[0m sha2 v0.10.9
[1m[92m   Compiling[0m futures-sink v0.3.32
[1m[92m   Compiling[0m dom_query v0.27.0
[1m[92m   Compiling[0m option-ext v0.2.0
[1m[92m   Compiling[0m ipnet v2.12.0
[1m[92m   Compiling[0m tauri-runtime-wry v2.11.4
[1m[92m   Compiling[0m dirs-sys v0.5.0
[1m[92m   Compiling[0m getrandom v0.3.4
[1m[92m   Compiling[0m tauri v2.11.5
[1m[92m   Compiling[0m http-body-util v0.1.3
[1m[92m   Compiling[0m serialize-to-javascript v0.1.2
[1m[92m   Compiling[0m dirs v6.0.0
[1m[92m   Compiling[0m mime v0.3.17
[1m[92m   Compiling[0m heck v0.5.0
[1m[92m   Compiling[0m sanctissimissa v1.41.21298 (/home/robin/Desktop/devProjects/sanctissimissa/src-tauri)
[1m[92m   Compiling[0m tauri-utils v2.9.3
[1m[92m   Compiling[0m jni v0.21.1
[1m[92m   Compiling[0m hyper v1.10.1
[1m[92m   Compiling[0m tower v0.5.3
[1m[92m   Compiling[0m tokio-util v0.7.18
[1m[92m   Compiling[0m tower-http v0.6.11
[1m[92m   Compiling[0m hyper-util v0.1.20
[1m[92m   Compiling[0m reqwest v0.13.4
[1m[92m   Compiling[0m tao v0.35.3
[1m[92m    Finished[0m `dev` profile [unoptimized + debuginfo] target(s) in 1m 38s
[1m[32m        Info[0m symlinking lib "/home/robin/Desktop/devProjects/sanctissimissa/src-tauri/target/armv7-linux-androideabi/debug/libsanctissimissa_lib.so" in jniLibs dir "/home/robin/Desktop/devProjects/sanctissimissa/src-tauri/gen/android/app/src/main/jniLibs/armeabi-v7a"
[1m[32m        Info[0m "/home/robin/Desktop/devProjects/sanctissimissa/src-tauri/target/armv7-linux-androideabi/debug/libsanctissimissa_lib.so" requires shared lib "libandroid.so"
[1m[32m        Info[0m "/home/robin/Desktop/devProjects/sanctissimissa/src-tauri/target/armv7-linux-androideabi/debug/libsanctissimissa_lib.so" requires shared lib "libdl.so"
[1m[32m        Info[0m "/home/robin/Desktop/devProjects/sanctissimissa/src-tauri/target/armv7-linux-androideabi/debug/libsanctissimissa_lib.so" requires shared lib "liblog.so"
[1m[32m        Info[0m "/home/robin/Desktop/devProjects/sanctissimissa/src-tauri/target/armv7-linux-androideabi/debug/libsanctissimissa_lib.so" requires shared lib "libm.so"
[1m[32m        Info[0m "/home/robin/Desktop/devProjects/sanctissimissa/src-tauri/target/armv7-linux-androideabi/debug/libsanctissimissa_lib.so" requires shared lib "libc.so"
        Info connection; remote_addr=127.0.0.1:33266 conn_id=2
[1m[32m        Info[0m Using installed NDK: /home/robin/Android/Sdk/ndk/27.0.12077973
[1m[92m   Compiling[0m stable_deref_trait v1.2.1
[1m[92m   Compiling[0m serde_core v1.0.228
[1m[92m   Compiling[0m serde v1.0.228
[1m[92m   Compiling[0m libc v0.2.186
[1m[92m   Compiling[0m smallvec v1.15.2
[1m[92m   Compiling[0m itoa v1.0.18
[1m[92m   Compiling[0m memchr v2.8.2
[1m[92m   Compiling[0m zerofrom v0.1.8
[1m[92m   Compiling[0m litemap v0.8.2
[1m[92m   Compiling[0m writeable v0.6.3
[1m[92m   Compiling[0m cfg-if v1.0.4
[1m[92m   Compiling[0m siphasher v1.0.3
[1m[92m   Compiling[0m utf8_iter v1.0.4
[1m[92m   Compiling[0m icu_properties_data v2.2.0
[1m[92m   Compiling[0m icu_normalizer_data v2.2.0
[1m[92m   Compiling[0m log v0.4.33
[1m[92m   Compiling[0m futures-core v0.3.32
[1m[92m   Compiling[0m pin-project-lite v0.2.17
[1m[92m   Compiling[0m percent-encoding v2.3.2
[1m[92m   Compiling[0m yoke v0.8.3
[1m[92m   Compiling[0m thiserror v1.0.69
[1m[92m   Compiling[0m parking_lot_core v0.9.12
[1m[92m   Compiling[0m zmij v1.0.21
[1m[92m   Compiling[0m phf_shared v0.13.1
[1m[92m   Compiling[0m scopeguard v1.2.0
[1m[92m   Compiling[0m new_debug_unreachable v1.0.6
[1m[92m   Compiling[0m jni-sys v0.3.1
[1m[92m   Compiling[0m serde_json v1.0.150
[1m[92m   Compiling[0m form_urlencoded v1.2.2
[1m[92m   Compiling[0m jni-sys v0.4.1
[1m[92m   Compiling[0m lock_api v0.4.14
[1m[92m   Compiling[0m bitflags v2.13.0
[1m[92m   Compiling[0m precomputed-hash v0.1.1
[1m[92m   Compiling[0m generic-array v0.14.7
[1m[92m   Compiling[0m once_cell v1.21.4
[1m[92m   Compiling[0m time-core v0.1.9
[1m[92m   Compiling[0m deranged v0.5.8
[1m[92m   Compiling[0m zerovec v0.11.6
[1m[92m   Compiling[0m zerotrie v0.2.4
[1m[92m   Compiling[0m num-conv v0.2.2
[1m[92m   Compiling[0m powerfmt v0.2.0
[1m[92m   Compiling[0m typenum v1.20.1
[1m[92m   Compiling[0m phf v0.13.1
[1m[92m   Compiling[0m base64 v0.22.1
[1m[92m   Compiling[0m aho-corasick v1.1.4
[1m[92m   Compiling[0m web_atoms v0.2.5
[1m[92m   Compiling[0m typeid v1.0.3
[1m[92m   Compiling[0m unic-char-range v0.9.0
[1m[92m   Compiling[0m unic-common v0.9.0
[1m[92m   Compiling[0m alloc-no-stdlib v2.0.4
[1m[92m   Compiling[0m regex-syntax v0.8.11
[1m[92m   Compiling[0m dtoa v1.0.11
[1m[92m   Compiling[0m utf-8 v0.7.6
[1m[92m   Compiling[0m unic-char-property v0.9.0
[1m[92m   Compiling[0m alloc-stdlib v0.2.4
[1m[92m   Compiling[0m unic-ucd-version v0.9.0
[1m[92m   Compiling[0m socket2 v0.6.4
[1m[92m   Compiling[0m mio v1.2.1
[1m[92m   Compiling[0m dtoa-short v0.3.5
[1m[92m   Compiling[0m crossbeam-utils v0.8.21
[1m[92m   Compiling[0m tendril v0.5.0
[1m[92m   Compiling[0m thiserror v2.0.18
[1m[92m   Compiling[0m erased-serde v0.4.10
[1m[92m   Compiling[0m parking_lot v0.12.5
[1m[92m   Compiling[0m futures-task v0.3.32
[1m[92m   Compiling[0m byteorder v1.5.0
[1m[92m   Compiling[0m slab v0.4.12
[1m[92m   Compiling[0m cesu8 v1.1.0
[1m[92m   Compiling[0m tinystr v0.8.3
[1m[92m   Compiling[0m potential_utf v0.1.5
[1m[92m   Compiling[0m string_cache v0.9.0
[1m[92m   Compiling[0m hashbrown v0.17.1
[1m[92m   Compiling[0m equivalent v1.0.2
[1m[92m   Compiling[0m raw-window-handle v0.6.2
[1m[92m   Compiling[0m fnv v1.0.7
[1m[92m   Compiling[0m icu_collections v2.2.0
[1m[92m   Compiling[0m icu_locale_core v2.2.0
[1m[92m   Compiling[0m winnow v1.0.3
[1m[92m   Compiling[0m httparse v1.10.1
[1m[92m   Compiling[0m futures-util v0.3.32
[1m[92m   Compiling[0m cookie v0.18.1
[1m[92m   Compiling[0m cssparser v0.36.0
[1m[92m   Compiling[0m num_enum v0.7.6
[1m[92m   Compiling[0m time v0.3.53
[1m[92m   Compiling[0m brotli-decompressor v5.0.3
[1m[92m   Compiling[0m unic-ucd-ident v0.9.0
[1m[92m   Compiling[0m ndk-sys v0.6.0+11769913
[1m[92m   Compiling[0m toml_parser v1.1.2+spec-1.1.0
[1m[92m   Compiling[0m indexmap v2.14.0
[1m[92m   Compiling[0m quick-xml v0.41.0
[1m[92m   Compiling[0m servo_arc v0.4.3
[1m[92m   Compiling[0m crypto-common v0.1.7
[1m[92m   Compiling[0m block-buffer v0.10.4
[1m[92m   Compiling[0m anyhow v1.0.103
[1m[92m   Compiling[0m icu_provider v2.2.0
[1m[92m   Compiling[0m markup5ever v0.38.0
[1m[92m   Compiling[0m derive_more v2.1.1
[1m[92m   Compiling[0m selectors v0.36.1
[1m[92m   Compiling[0m try-lock v0.2.5
[1m[92m   Compiling[0m toml_writer v1.1.1+spec-1.1.0
[1m[92m   Compiling[0m rustc-hash v2.1.3
[1m[92m   Compiling[0m icu_properties v2.2.0
[1m[92m   Compiling[0m icu_normalizer v2.2.0
[1m[92m   Compiling[0m regex-automata v0.4.14
[1m[92m   Compiling[0m same-file v1.0.6
[1m[92m   Compiling[0m bit-vec v0.8.0
w: file:///home/robin/Desktop/devProjects/sanctissimissa/src-tauri/gen/android/app/src/main/java/mba/robin/sanctissimissa/generated/RustWebView.kt:26:18 'setter for databaseEnabled: Boolean' is deprecated. Deprecated in Java
w: file:///home/robin/Desktop/devProjects/sanctissimissa/src-tauri/gen/android/app/src/main/java/mba/robin/sanctissimissa/generated/WryActivity.kt:69:46 'onBackPressed(): Unit' is deprecated. This method has been deprecated in favor of using the
      {@link OnBackPressedDispatcher} via {@link #getOnBackPressedDispatcher()}.
      The OnBackPressedDispatcher controls how back button events are dispatched
      to one or more {@link OnBackPressedCallback} objects.
[1m[92m   Compiling[0m tower-service v0.3.3
[1m[92m   Compiling[0m walkdir v2.5.0
[1m[92m   Compiling[0m brotli v8.0.4
[1m[92m   Compiling[0m want v0.3.1
[1m[92m   Compiling[0m html5ever v0.38.0
[1m[92m   Compiling[0m ndk v0.9.0
[1m[92m   Compiling[0m bit-set v0.8.0
[1m[92m   Compiling[0m digest v0.10.7
[1m[92m   Compiling[0m crossbeam-channel v0.5.15
[1m[92m   Compiling[0m uuid v1.23.4
[1m[92m   Compiling[0m toml_datetime v1.1.1+spec-1.1.0
[1m[92m   Compiling[0m serde_spanned v1.1.1
[1m[92m   Compiling[0m toml v1.1.2+spec-1.1.0
[1m[92m   Compiling[0m cfb v0.7.3
[1m[92m   Compiling[0m serde_with v3.21.0
[1m[92m   Compiling[0m bytes v1.12.0
[1m[92m   Compiling[0m idna_adapter v1.2.2
[1m[92m   Compiling[0m idna v1.1.0
[1m[92m   Compiling[0m dpi v0.1.2
[1m[92m   Compiling[0m serde-untagged v0.1.9
[1m[92m   Compiling[0m plist v1.10.0
[1m[92m   Compiling[0m url v2.5.8
[1m[92m   Compiling[0m jsonptr v0.6.3
[1m[92m   Compiling[0m infer v0.19.0
[1m[92m   Compiling[0m tracing-core v0.1.36
[1m[92m   Compiling[0m http v1.4.2
[1m[92m   Compiling[0m tokio v1.52.3
[1m[92m   Compiling[0m combine v4.6.7
[1m[92m   Compiling[0m json-patch v3.0.1
[1m[92m   Compiling[0m regex v1.12.4
[1m[92m   Compiling[0m sync_wrapper v1.0.2
[1m[92m   Compiling[0m futures-channel v0.3.32
[1m[92m   Compiling[0m ctor v0.8.0
[1m[92m   Compiling[0m semver v1.0.28
[1m[92m   Compiling[0m tower-layer v0.3.3
[1m[92m   Compiling[0m foldhash v0.2.0
[1m[92m   Compiling[0m glob v0.3.3
[1m[92m   Compiling[0m atomic-waker v1.1.2
[1m[92m   Compiling[0m cpufeatures v0.2.17
[1m[92m   Compiling[0m dunce v1.0.5
[1m[92m   Compiling[0m wry v0.55.1
[1m[92m   Compiling[0m http-body v1.0.1
[1m[92m   Compiling[0m urlpattern v0.3.0
[1m[92m   Compiling[0m sha2 v0.10.9
[1m[92m   Compiling[0m tauri-runtime v2.11.3
[1m[92m   Compiling[0m dom_query v0.27.0
[1m[92m   Compiling[0m tracing v0.1.44
[1m[92m   Compiling[0m option-ext v0.2.0
[1m[92m   Compiling[0m futures-sink v0.3.32
[1m[92m   Compiling[0m ipnet v2.12.0
[1m[92m   Compiling[0m dirs-sys v0.5.0
[1m[92m   Compiling[0m getrandom v0.3.4
[1m[92m   Compiling[0m tauri-runtime-wry v2.11.4
[1m[92m   Compiling[0m tauri v2.11.5
[1m[92m   Compiling[0m http-body-util v0.1.3
[1m[92m   Compiling[0m serialize-to-javascript v0.1.2
[1m[92m   Compiling[0m dirs v6.0.0
[1m[92m   Compiling[0m heck v0.5.0
[1m[92m   Compiling[0m mime v0.3.17
[1m[92m   Compiling[0m sanctissimissa v1.41.21298 (/home/robin/Desktop/devProjects/sanctissimissa/src-tauri)
[1m[92m   Compiling[0m tauri-utils v2.9.3
[1m[92m   Compiling[0m tower v0.5.3
[1m[92m   Compiling[0m hyper v1.10.1
[1m[92m   Compiling[0m tokio-util v0.7.18
[1m[92m   Compiling[0m jni v0.21.1
[1m[92m   Compiling[0m tower-http v0.6.11
[1m[92m   Compiling[0m hyper-util v0.1.20
[1m[92m   Compiling[0m reqwest v0.13.4
[1m[92m   Compiling[0m tao v0.35.3
[1m[92m    Finished[0m `dev` profile [unoptimized + debuginfo] target(s) in 1m 35s
[1m[32m        Info[0m symlinking lib "/home/robin/Desktop/devProjects/sanctissimissa/src-tauri/target/i686-linux-android/debug/libsanctissimissa_lib.so" in jniLibs dir "/home/robin/Desktop/devProjects/sanctissimissa/src-tauri/gen/android/app/src/main/jniLibs/x86"
[1m[32m        Info[0m "/home/robin/Desktop/devProjects/sanctissimissa/src-tauri/target/i686-linux-android/debug/libsanctissimissa_lib.so" requires shared lib "libandroid.so"
[1m[32m        Info[0m "/home/robin/Desktop/devProjects/sanctissimissa/src-tauri/target/i686-linux-android/debug/libsanctissimissa_lib.so" requires shared lib "libdl.so"
[1m[32m        Info[0m "/home/robin/Desktop/devProjects/sanctissimissa/src-tauri/target/i686-linux-android/debug/libsanctissimissa_lib.so" requires shared lib "liblog.so"
[1m[32m        Info[0m "/home/robin/Desktop/devProjects/sanctissimissa/src-tauri/target/i686-linux-android/debug/libsanctissimissa_lib.so" requires shared lib "libm.so"
[1m[32m        Info[0m "/home/robin/Desktop/devProjects/sanctissimissa/src-tauri/target/i686-linux-android/debug/libsanctissimissa_lib.so" requires shared lib "libc.so"
Java compiler version 21 has deprecated support for compiling with source/target version 8.
Try one of the following options:
    1. [Recommended] Use Java toolchain with a lower language version
    2. Set a higher source/target version
    3. Use a lower version of the JDK running the build (if you're not using Java toolchain)
For more details on how to configure these settings, see https://developer.android.com/build/jdks.
To suppress this warning, set android.javaCompile.suppressSourceTargetDeprecationWarning=true in gradle.properties.
warning: [options] source value 8 is obsolete and will be removed in a future release
warning: [options] target value 8 is obsolete and will be removed in a future release
warning: [options] To suppress warnings about obsolete options, use -Xlint:-options.
3 warnings
        Info connection; remote_addr=127.0.0.1:36066 conn_id=3
[1m[32m        Info[0m Using installed NDK: /home/robin/Android/Sdk/ndk/27.0.12077973
[1m[92m   Compiling[0m stable_deref_trait v1.2.1
[1m[92m   Compiling[0m serde_core v1.0.228
[1m[92m   Compiling[0m serde v1.0.228
[1m[92m   Compiling[0m libc v0.2.186
[1m[92m   Compiling[0m smallvec v1.15.2
[1m[92m   Compiling[0m itoa v1.0.18
[1m[92m   Compiling[0m memchr v2.8.2
[1m[92m   Compiling[0m zerofrom v0.1.8
[1m[92m   Compiling[0m writeable v0.6.3
[1m[92m   Compiling[0m cfg-if v1.0.4
[1m[92m   Compiling[0m litemap v0.8.2
[1m[92m   Compiling[0m siphasher v1.0.3
[1m[92m   Compiling[0m utf8_iter v1.0.4
[1m[92m   Compiling[0m icu_properties_data v2.2.0
[1m[92m   Compiling[0m icu_normalizer_data v2.2.0
[1m[92m   Compiling[0m log v0.4.33
[1m[92m   Compiling[0m pin-project-lite v0.2.17
[1m[92m   Compiling[0m futures-core v0.3.32
[1m[92m   Compiling[0m percent-encoding v2.3.2
[1m[92m   Compiling[0m yoke v0.8.3
[1m[92m   Compiling[0m thiserror v1.0.69
[1m[92m   Compiling[0m zmij v1.0.21
[1m[92m   Compiling[0m parking_lot_core v0.9.12
[1m[92m   Compiling[0m new_debug_unreachable v1.0.6
[1m[92m   Compiling[0m scopeguard v1.2.0
[1m[92m   Compiling[0m phf_shared v0.13.1
[1m[92m   Compiling[0m jni-sys v0.3.1
[1m[92m   Compiling[0m form_urlencoded v1.2.2
[1m[92m   Compiling[0m serde_json v1.0.150
[1m[92m   Compiling[0m jni-sys v0.4.1
[1m[92m   Compiling[0m lock_api v0.4.14
[1m[92m   Compiling[0m bitflags v2.13.0
[1m[92m   Compiling[0m precomputed-hash v0.1.1
[1m[92m   Compiling[0m generic-array v0.14.7
[1m[92m   Compiling[0m deranged v0.5.8
[1m[92m   Compiling[0m typenum v1.20.1
[1m[92m   Compiling[0m time-core v0.1.9
[1m[92m   Compiling[0m num-conv v0.2.2
[1m[92m   Compiling[0m zerovec v0.11.6
[1m[92m   Compiling[0m zerotrie v0.2.4
[1m[92m   Compiling[0m base64 v0.22.1
[1m[92m   Compiling[0m powerfmt v0.2.0
[1m[92m   Compiling[0m phf v0.13.1
[1m[92m   Compiling[0m once_cell v1.21.4
[1m[92m   Compiling[0m web_atoms v0.2.5
[1m[92m   Compiling[0m typeid v1.0.3
[1m[92m   Compiling[0m alloc-no-stdlib v2.0.4
[1m[92m   Compiling[0m dtoa v1.0.11
[1m[92m   Compiling[0m aho-corasick v1.1.4
[1m[92m   Compiling[0m mio v1.2.1
[1m[92m   Compiling[0m socket2 v0.6.4
[1m[92m   Compiling[0m regex-syntax v0.8.11
[1m[92m   Compiling[0m unic-char-range v0.9.0
[1m[92m   Compiling[0m unic-common v0.9.0
[1m[92m   Compiling[0m utf-8 v0.7.6
[1m[92m   Compiling[0m crossbeam-utils v0.8.21
[1m[92m   Compiling[0m unic-char-property v0.9.0
[1m[92m   Compiling[0m unic-ucd-version v0.9.0
[1m[92m   Compiling[0m dtoa-short v0.3.5
[1m[92m   Compiling[0m tendril v0.5.0
[1m[92m   Compiling[0m parking_lot v0.12.5
[1m[92m   Compiling[0m alloc-stdlib v0.2.4
[1m[92m   Compiling[0m thiserror v2.0.18
[1m[92m   Compiling[0m erased-serde v0.4.10
[1m[92m   Compiling[0m hashbrown v0.17.1
[1m[92m   Compiling[0m slab v0.4.12
[1m[92m   Compiling[0m futures-task v0.3.32
[1m[92m   Compiling[0m equivalent v1.0.2
[1m[92m   Compiling[0m byteorder v1.5.0
[1m[92m   Compiling[0m raw-window-handle v0.6.2
[1m[92m   Compiling[0m tinystr v0.8.3
[1m[92m   Compiling[0m potential_utf v0.1.5
[1m[92m   Compiling[0m string_cache v0.9.0
[1m[92m   Compiling[0m winnow v1.0.3
[1m[92m   Compiling[0m fnv v1.0.7
[1m[92m   Compiling[0m icu_collections v2.2.0
[1m[92m   Compiling[0m icu_locale_core v2.2.0
[1m[92m   Compiling[0m cesu8 v1.1.0
[1m[92m   Compiling[0m futures-util v0.3.32
[1m[92m   Compiling[0m httparse v1.10.1
[1m[92m   Compiling[0m cookie v0.18.1
[1m[92m   Compiling[0m num_enum v0.7.6
[1m[92m   Compiling[0m brotli-decompressor v5.0.3
[1m[92m   Compiling[0m cssparser v0.36.0
[1m[92m   Compiling[0m unic-ucd-ident v0.9.0
[1m[92m   Compiling[0m ndk-sys v0.6.0+11769913
[1m[92m   Compiling[0m time v0.3.53
[1m[92m   Compiling[0m indexmap v2.14.0
[1m[92m   Compiling[0m toml_parser v1.1.2+spec-1.1.0
[1m[92m   Compiling[0m quick-xml v0.41.0
[1m[92m   Compiling[0m crypto-common v0.1.7
[1m[92m   Compiling[0m block-buffer v0.10.4
[1m[92m   Compiling[0m servo_arc v0.4.3
[1m[92m   Compiling[0m anyhow v1.0.103
[1m[92m   Compiling[0m markup5ever v0.38.0
[1m[92m   Compiling[0m selectors v0.36.1
[1m[92m   Compiling[0m derive_more v2.1.1
[1m[92m   Compiling[0m try-lock v0.2.5
[1m[92m   Compiling[0m toml_writer v1.1.1+spec-1.1.0
[1m[92m   Compiling[0m same-file v1.0.6
[1m[92m   Compiling[0m rustc-hash v2.1.3
[1m[92m   Compiling[0m icu_provider v2.2.0
[1m[92m   Compiling[0m bit-vec v0.8.0
[1m[92m   Compiling[0m tower-service v0.3.3
[1m[92m   Compiling[0m ndk v0.9.0
[1m[92m   Compiling[0m walkdir v2.5.0
[1m[92m   Compiling[0m html5ever v0.38.0
[1m[92m   Compiling[0m want v0.3.1
[1m[92m   Compiling[0m bit-set v0.8.0
[1m[92m   Compiling[0m brotli v8.0.4
[1m[92m   Compiling[0m icu_normalizer v2.2.0
[1m[92m   Compiling[0m icu_properties v2.2.0
[1m[92m   Compiling[0m regex-automata v0.4.14
[1m[92m   Compiling[0m uuid v1.23.4
[1m[92m   Compiling[0m serde_spanned v1.1.1
[1m[92m   Compiling[0m cfb v0.7.3
[1m[92m   Compiling[0m bytes v1.12.0
[1m[92m   Compiling[0m dpi v0.1.2
[1m[92m   Compiling[0m toml_datetime v1.1.1+spec-1.1.0
[1m[92m   Compiling[0m serde_with v3.21.0
[1m[92m   Compiling[0m digest v0.10.7
[1m[92m   Compiling[0m crossbeam-channel v0.5.15
[1m[92m   Compiling[0m serde-untagged v0.1.9
[1m[92m   Compiling[0m toml v1.1.2+spec-1.1.0
[1m[92m   Compiling[0m tracing-core v0.1.36
[1m[92m   Compiling[0m futures-channel v0.3.32
[1m[92m   Compiling[0m sync_wrapper v1.0.2
[1m[92m   Compiling[0m jsonptr v0.6.3
[1m[92m   Compiling[0m http v1.4.2
[1m[92m   Compiling[0m idna_adapter v1.2.2
[1m[92m   Compiling[0m idna v1.1.0
[1m[92m   Compiling[0m tokio v1.52.3
[1m[92m   Compiling[0m combine v4.6.7
[1m[92m   Compiling[0m plist v1.10.0
[1m[92m   Compiling[0m json-patch v3.0.1
[1m[92m   Compiling[0m url v2.5.8
[1m[92m   Compiling[0m infer v0.19.0
[1m[92m   Compiling[0m ctor v0.8.0
[1m[92m   Compiling[0m atomic-waker v1.1.2
[1m[92m   Compiling[0m tower-layer v0.3.3
[1m[92m   Compiling[0m glob v0.3.3
[1m[92m   Compiling[0m cpufeatures v0.2.17
[1m[92m   Compiling[0m semver v1.0.28
[1m[92m   Compiling[0m dunce v1.0.5
[1m[92m   Compiling[0m http-body v1.0.1
[1m[92m   Compiling[0m foldhash v0.2.0
[1m[92m   Compiling[0m wry v0.55.1
[1m[92m   Compiling[0m sha2 v0.10.9
[1m[92m   Compiling[0m regex v1.12.4
[1m[92m   Compiling[0m dom_query v0.27.0
[1m[92m   Compiling[0m tauri-runtime v2.11.3
[1m[92m   Compiling[0m tracing v0.1.44
[1m[92m   Compiling[0m ipnet v2.12.0
[1m[92m   Compiling[0m option-ext v0.2.0
[1m[92m   Compiling[0m futures-sink v0.3.32
[1m[92m   Compiling[0m tauri-runtime-wry v2.11.4
[1m[92m   Compiling[0m getrandom v0.3.4
[1m[92m   Compiling[0m dirs-sys v0.5.0
[1m[92m   Compiling[0m tauri v2.11.5
[1m[92m   Compiling[0m http-body-util v0.1.3
[1m[92m   Compiling[0m serialize-to-javascript v0.1.2
[1m[92m   Compiling[0m dirs v6.0.0
[1m[92m   Compiling[0m urlpattern v0.3.0
[1m[92m   Compiling[0m heck v0.5.0
[1m[92m   Compiling[0m mime v0.3.17
[1m[92m   Compiling[0m sanctissimissa v1.41.21298 (/home/robin/Desktop/devProjects/sanctissimissa/src-tauri)
[1m[92m   Compiling[0m tauri-utils v2.9.3
[1m[92m   Compiling[0m tower v0.5.3
[1m[92m   Compiling[0m hyper v1.10.1
[1m[92m   Compiling[0m tokio-util v0.7.18
[1m[92m   Compiling[0m jni v0.21.1
[1m[92m   Compiling[0m tower-http v0.6.11
[1m[92m   Compiling[0m hyper-util v0.1.20
[1m[92m   Compiling[0m reqwest v0.13.4
[1m[92m   Compiling[0m tao v0.35.3
[1m[92m    Finished[0m `dev` profile [unoptimized + debuginfo] target(s) in 1m 35s
[1m[32m        Info[0m symlinking lib "/home/robin/Desktop/devProjects/sanctissimissa/src-tauri/target/x86_64-linux-android/debug/libsanctissimissa_lib.so" in jniLibs dir "/home/robin/Desktop/devProjects/sanctissimissa/src-tauri/gen/android/app/src/main/jniLibs/x86_64"
[1m[32m        Info[0m "/home/robin/Desktop/devProjects/sanctissimissa/src-tauri/target/x86_64-linux-android/debug/libsanctissimissa_lib.so" requires shared lib "libandroid.so"
[1m[32m        Info[0m "/home/robin/Desktop/devProjects/sanctissimissa/src-tauri/target/x86_64-linux-android/debug/libsanctissimissa_lib.so" requires shared lib "libdl.so"
[1m[32m        Info[0m "/home/robin/Desktop/devProjects/sanctissimissa/src-tauri/target/x86_64-linux-android/debug/libsanctissimissa_lib.so" requires shared lib "liblog.so"
[1m[32m        Info[0m "/home/robin/Desktop/devProjects/sanctissimissa/src-tauri/target/x86_64-linux-android/debug/libsanctissimissa_lib.so" requires shared lib "libm.so"
[1m[32m        Info[0m "/home/robin/Desktop/devProjects/sanctissimissa/src-tauri/target/x86_64-linux-android/debug/libsanctissimissa_lib.so" requires shared lib "libc.so"

[Incubating] Problems report is available at: file:///home/robin/Desktop/devProjects/sanctissimissa/src-tauri/gen/android/build/reports/problems/problems-report.html

Deprecated Gradle features were used in this build, making it incompatible with Gradle 9.0.

You can use '--warning-mode all' to show the individual deprecation warnings and determine if they come from your own scripts or plugins.

For more on this, please refer to https://docs.gradle.org/8.14.3/userguide/command_line_interface.html#sec:command_line_warnings in the Gradle documentation.
    Finished 1 APK at:
        /home/robin/Desktop/devProjects/sanctissimissa/src-tauri/gen/android/app/build/outputs/apk/universal/debug/app-universal-debug.apk

🔧 Stage: android-release
[provision-secrets] SAM_KEYSTORE_PROPERTIES -> /home/robin/Desktop/devProjects/sanctissimissa/src-tauri/gen/android/keystore.properties (materialized from Admin-Manual pointer)
(node:2434132) Warning: The 'NO_COLOR' env is ignored due to the 'FORCE_COLOR' env being set.
(Use `node --trace-warnings ...` to show where the warning was created)
        Info Using installed NDK: /home/robin/Android/Sdk/ndk/27.0.12077973
        Info Looking up installed tauri packages to check mismatched versions...
     Running beforeBuildCommand `npm run build:vite`

> sanctissimissa@1.41.21298 prebuild:vite
> node scripts/sync-db.mjs

synced assets/missal.db -> public/missal.db (195137536 bytes)

> sanctissimissa@1.41.21298 build:vite
> node scripts/pre-build-gate.mjs && tsc -b && vite build

GATE PASS: version=1.41.21298, git clean, no duplicate in dist/
(node:2440644) Warning: The 'NO_COLOR' env is ignored due to the 'FORCE_COLOR' env being set.
(Use `node --trace-warnings ...` to show where the warning was created)
vite v6.4.3 building for production...
transforming...
✓ 944 modules transformed.
rendering chunks...
[plugin vite:reporter]
(!)  /home/robin/Desktop/devProjects/sanctissimissa/node_modules/sql.js/dist/sql-wasm-browser.js?commonjs-es-import is dynamically imported by /home/robin/Desktop/devProjects/sanctissimissa/src/core/accompaniment/store.ts but also statically imported by /home/robin/Desktop/devProjects/sanctissimissa/src/core/data/corpusDb.ts, dynamic import will not move module into another chunk.

[plugin vite:reporter]
(!) /home/robin/Desktop/devProjects/sanctissimissa/node_modules/sql.js/dist/sql-wasm.wasm?url is dynamically imported by /home/robin/Desktop/devProjects/sanctissimissa/src/core/accompaniment/store.ts but also statically imported by /home/robin/Desktop/devProjects/sanctissimissa/src/core/data/corpusDb.ts, dynamic import will not move module into another chunk.

computing gzip size...
dist-web/registerSW.js                      0.13 kB
dist-web/manifest.webmanifest               0.44 kB
dist-web/index.html                         0.70 kB │ gzip:   0.41 kB
dist-web/assets/sql-wasm-UFUCzYNW.wasm    659.73 kB │ gzip: 323.01 kB
dist-web/assets/index-qmwzhumC.css         63.32 kB │ gzip:  12.90 kB
dist-web/assets/index-6L8esETH.css        222.14 kB │ gzip:  34.88 kB
dist-web/assets/core-DV6XEvTN.js            0.10 kB │ gzip:   0.11 kB
dist-web/assets/index-CC3jJH8B.js          15.19 kB │ gzip:   5.94 kB
dist-web/assets/index-DZfCvmSq.js         454.96 kB │ gzip: 149.54 kB
dist-web/assets/ckeditor5-DARfDnpa.js   1,027.26 kB │ gzip: 250.25 kB
✓ built in 5.24s

PWA v1.3.0
mode      generateSW
precache  14 entries (2895.77 KiB)
files generated
  dist-web/sw.js
  dist-web/workbox-a3c94b52.js
[1m[92m   Compiling[0m proc-macro2 v1.0.106
[1m[92m   Compiling[0m quote v1.0.46
[1m[92m   Compiling[0m unicode-ident v1.0.24
[1m[92m   Compiling[0m libc v0.2.186
[1m[92m   Compiling[0m serde_core v1.0.228
[1m[92m   Compiling[0m siphasher v1.0.3
[1m[92m   Compiling[0m fastrand v2.4.1
[1m[92m   Compiling[0m icu_normalizer_data v2.2.0
[1m[92m   Compiling[0m icu_properties_data v2.2.0
[1m[92m   Compiling[0m serde v1.0.228
[1m[92m   Compiling[0m parking_lot_core v0.9.12
[1m[92m   Compiling[0m stable_deref_trait v1.2.1
[1m[92m   Compiling[0m zmij v1.0.21
[1m[92m   Compiling[0m cfg-if v1.0.4
[1m[92m   Compiling[0m smallvec v1.15.2
[1m[92m   Compiling[0m winnow v1.0.3
[1m[92m   Compiling[0m thiserror v1.0.69
[1m[92m   Compiling[0m phf_shared v0.13.1
[1m[92m   Compiling[0m memchr v2.8.2
[1m[92m   Compiling[0m version_check v0.9.5
[1m[92m   Compiling[0m typeid v1.0.3
[1m[92m   Compiling[0m itoa v1.0.18
[1m[92m   Compiling[0m hashbrown v0.17.1
[1m[92m   Compiling[0m num-conv v0.2.2
[1m[92m   Compiling[0m time-core v0.1.9
[1m[92m   Compiling[0m equivalent v1.0.2
[1m[92m   Compiling[0m phf_generator v0.13.1
[1m[92m   Compiling[0m writeable v0.6.3
[1m[92m   Compiling[0m thiserror v2.0.18
[1m[92m   Compiling[0m phf_codegen v0.13.1
[1m[92m   Compiling[0m litemap v0.8.2
[1m[92m   Compiling[0m erased-serde v0.4.10
[1m[92m   Compiling[0m ident_case v1.0.1
[1m[92m   Compiling[0m strsim v0.11.1
[1m[92m   Compiling[0m selectors v0.36.1
[1m[92m   Compiling[0m generic-array v0.14.7
[1m[92m   Compiling[0m utf8_iter v1.0.4
[1m[92m   Compiling[0m anyhow v1.0.103
[1m[92m   Compiling[0m new_debug_unreachable v1.0.6
[1m[92m   Compiling[0m scopeguard v1.2.0
[1m[92m   Compiling[0m lock_api v0.4.14
[1m[92m   Compiling[0m indexmap v2.14.0
[1m[92m   Compiling[0m getrandom v0.4.3
[1m[92m   Compiling[0m precomputed-hash v0.1.1
[1m[92m   Compiling[0m serde_json v1.0.150
[1m[92m   Compiling[0m toml_writer v1.1.1+spec-1.1.0
[1m[92m   Compiling[0m syn v2.0.118
[1m[92m   Compiling[0m string_cache_codegen v0.6.1
[1m[92m   Compiling[0m ctor-proc-macro v0.0.7
[1m[92m   Compiling[0m log v0.4.33
[1m[92m   Compiling[0m dtoa v1.0.11
[1m[92m   Compiling[0m utf-8 v0.7.6
[1m[92m   Compiling[0m percent-encoding v2.3.2
[1m[92m   Compiling[0m autocfg v1.5.1
[1m[92m   Compiling[0m toml_parser v1.1.2+spec-1.1.0
[1m[92m   Compiling[0m form_urlencoded v1.2.2
[1m[92m   Compiling[0m tendril v0.5.0
[1m[92m   Compiling[0m dtoa-short v0.3.5
[1m[92m   Compiling[0m aho-corasick v1.1.4
[1m[92m   Compiling[0m unic-common v0.9.0
[1m[92m   Compiling[0m parking_lot v0.12.5
[1m[92m   Compiling[0m camino v1.2.4
[1m[92m   Compiling[0m byteorder v1.5.0
[1m[92m   Compiling[0m regex-syntax v0.8.11
[1m[92m   Compiling[0m alloc-no-stdlib v2.0.4
[1m[92m   Compiling[0m unic-char-range v0.9.0
[1m[92m   Compiling[0m unic-ucd-version v0.9.0
[1m[92m   Compiling[0m unic-char-property v0.9.0
[1m[92m   Compiling[0m alloc-stdlib v0.2.4
[1m[92m   Compiling[0m web_atoms v0.2.5
[1m[92m   Compiling[0m string_cache v0.9.0
[1m[92m   Compiling[0m servo_arc v0.4.3
[1m[92m   Compiling[0m pin-project-lite v0.2.17
[1m[92m   Compiling[0m futures-core v0.3.32
[1m[92m   Compiling[0m bitflags v2.13.0
[1m[92m   Compiling[0m powerfmt v0.2.0
[1m[92m   Compiling[0m indexmap v1.9.3
[1m[92m   Compiling[0m deranged v0.5.8
[1m[92m   Compiling[0m hashbrown v0.12.3
[1m[92m   Compiling[0m rustc-hash v2.1.3
[1m[92m   Compiling[0m fnv v1.0.7
[1m[92m   Compiling[0m bit-vec v0.8.0
[1m[92m   Compiling[0m schemars v0.8.22
[1m[92m   Compiling[0m brotli-decompressor v5.0.3
[1m[92m   Compiling[0m unic-ucd-ident v0.9.0
[1m[92m   Compiling[0m quick-xml v0.41.0
[1m[92m   Compiling[0m bit-set v0.8.0
[1m[92m   Compiling[0m jni-sys v0.3.1
[1m[92m   Compiling[0m dunce v1.0.5
[1m[92m   Compiling[0m dyn-clone v1.0.20
[1m[92m   Compiling[0m foldhash v0.2.0
[1m[92m   Compiling[0m bytes v1.12.0
[1m[92m   Compiling[0m same-file v1.0.6
[1m[92m   Compiling[0m base64 v0.22.1
[1m[92m   Compiling[0m walkdir v2.5.0
[1m[92m   Compiling[0m toml_datetime v1.1.1+spec-1.1.0
[1m[92m   Compiling[0m serde_spanned v1.1.1
[1m[92m   Compiling[0m semver v1.0.28
[1m[92m   Compiling[0m uuid v1.23.4
[1m[92m   Compiling[0m toml v1.1.2+spec-1.1.0
[1m[92m   Compiling[0m time v0.3.53
[1m[92m   Compiling[0m brotli v8.0.4
[1m[92m   Compiling[0m http v1.4.2
[1m[92m   Compiling[0m ctor v0.8.0
[1m[92m   Compiling[0m glob v0.3.3
[1m[92m   Compiling[0m shlex v2.0.1
[1m[92m   Compiling[0m cfb v0.7.3
[1m[92m   Compiling[0m find-msvc-tools v0.1.9
[1m[92m   Compiling[0m serde-untagged v0.1.9
[1m[92m   Compiling[0m rustc_version v0.4.1
[1m[92m   Compiling[0m toml_edit v0.25.12+spec-1.1.0
[1m[92m   Compiling[0m regex-automata v0.4.14
[1m[92m   Compiling[0m cc v1.2.66
[1m[92m   Compiling[0m toml_datetime v0.7.5+spec-1.1.0
[1m[92m   Compiling[0m mio v1.2.1
[1m[92m   Compiling[0m infer v0.19.0
[1m[92m   Compiling[0m socket2 v0.6.4
[1m[92m   Compiling[0m time-macros v0.2.31
[1m[92m   Compiling[0m crc32fast v1.5.0
[1m[92m   Compiling[0m simd-adler32 v0.3.9
[1m[92m   Compiling[0m winnow v0.7.15
[1m[92m   Compiling[0m synstructure v0.13.2
[1m[92m   Compiling[0m darling_core v0.23.0
[1m[92m   Compiling[0m serde_derive_internals v0.29.1
[1m[92m   Compiling[0m typenum v1.20.1
[1m[92m   Compiling[0m rustversion v1.0.22
[1m[92m   Compiling[0m once_cell v1.21.4
[1m[92m   Compiling[0m regex v1.12.4
[1m[92m   Compiling[0m option-ext v0.2.0
[1m[92m   Compiling[0m dirs-sys v0.5.0
[1m[92m   Compiling[0m embed-resource v3.0.11
[1m[92m   Compiling[0m proc-macro-crate v3.5.0
[1m[92m   Compiling[0m adler2 v2.0.1
[1m[92m   Compiling[0m crossbeam-utils v0.8.21
[1m[92m   Compiling[0m heck v0.5.0
[1m[92m   Compiling[0m toml v0.9.12+spec-1.1.0
[1m[92m   Compiling[0m miniz_oxide v0.8.9
[1m[92m   Compiling[0m tauri-winres v0.3.6
[1m[92m   Compiling[0m dirs v6.0.0
[1m[92m   Compiling[0m cookie v0.18.1
[1m[92m   Compiling[0m httparse v1.10.1
[1m[92m   Compiling[0m cesu8 v1.1.0
[1m[92m   Compiling[0m futures-task v0.3.32
[1m[92m   Compiling[0m slab v0.4.12
[1m[92m   Compiling[0m raw-window-handle v0.6.2
[1m[92m   Compiling[0m block-buffer v0.10.4
[1m[92m   Compiling[0m crypto-common v0.1.7
[1m[92m   Compiling[0m futures-util v0.3.32
[1m[92m   Compiling[0m flate2 v1.1.9
[1m[92m   Compiling[0m fdeflate v0.3.7
[1m[92m   Compiling[0m zerofrom-derive v0.1.7
[1m[92m   Compiling[0m serde_derive v1.0.228
[1m[92m   Compiling[0m yoke-derive v0.8.2
[1m[92m   Compiling[0m zerovec-derive v0.11.3
[1m[92m   Compiling[0m displaydoc v0.2.6
[1m[92m   Compiling[0m phf_macros v0.13.1
[1m[92m   Compiling[0m thiserror-impl v1.0.69
[1m[92m   Compiling[0m derive_more-impl v2.1.1
[1m[92m   Compiling[0m cssparser-macros v0.6.1
[1m[92m   Compiling[0m darling_macro v0.23.0
[1m[92m   Compiling[0m thiserror-impl v2.0.18
[1m[92m   Compiling[0m phf v0.13.1
[1m[92m   Compiling[0m schemars_derive v0.8.22
[1m[92m   Compiling[0m cssparser v0.36.0
[1m[92m   Compiling[0m jni-sys-macros v0.4.1
[1m[92m   Compiling[0m darling v0.23.0
[1m[92m   Compiling[0m serde_with_macros v3.21.0
[1m[92m   Compiling[0m derive_more v2.1.1
[1m[92m   Compiling[0m num_enum_derive v0.7.6
[1m[92m   Compiling[0m zerofrom v0.1.8
[1m[92m   Compiling[0m yoke v0.8.3
[1m[92m   Compiling[0m markup5ever v0.38.0
[1m[92m   Compiling[0m zerovec v0.11.6
[1m[92m   Compiling[0m zerotrie v0.2.4
[1m[92m   Compiling[0m html5ever v0.38.0
[1m[92m   Compiling[0m jni-sys v0.4.1
[1m[92m   Compiling[0m tinystr v0.8.3
[1m[92m   Compiling[0m potential_utf v0.1.5
[1m[92m   Compiling[0m icu_locale_core v2.2.0
[1m[92m   Compiling[0m icu_collections v2.2.0
[1m[92m   Compiling[0m serde_with v3.21.0
[1m[92m   Compiling[0m num_enum v0.7.6
[1m[92m   Compiling[0m ndk-sys v0.6.0+11769913
[1m[92m   Compiling[0m bitflags v1.3.2
[1m[92m   Compiling[0m dom_query v0.27.0
[1m[92m   Compiling[0m try-lock v0.2.5
[1m[92m   Compiling[0m tower-service v0.3.3
[1m[92m   Compiling[0m want v0.3.1
[1m[92m   Compiling[0m png v0.17.16
[1m[92m   Compiling[0m icu_provider v2.2.0
[1m[92m   Compiling[0m ndk v0.9.0
[1m[92m   Compiling[0m icu_properties v2.2.0
[1m[92m   Compiling[0m icu_normalizer v2.2.0
[1m[92m   Compiling[0m jsonptr v0.6.3
[1m[92m   Compiling[0m cargo-platform v0.1.9
[1m[92m   Compiling[0m json-patch v3.0.1
[1m[92m   Compiling[0m idna_adapter v1.2.2
[1m[92m   Compiling[0m idna v1.1.0
[1m[92m   Compiling[0m cargo_metadata v0.19.2
[1m[92m   Compiling[0m plist v1.10.0
[1m[92m   Compiling[0m tokio v1.52.3
[1m[92m   Compiling[0m combine v4.6.7
[1m[92m   Compiling[0m cargo_toml v0.22.3
[1m[92m   Compiling[0m url v2.5.8
[1m[92m   Compiling[0m dpi v0.1.2
[1m[92m   Compiling[0m http-body v1.0.1
[1m[92m   Compiling[0m urlpattern v0.3.0
[1m[92m   Compiling[0m tao-macros v0.1.3
[1m[92m   Compiling[0m crossbeam-channel v0.5.15
[1m[92m   Compiling[0m tauri-utils v2.9.3
[1m[92m   Compiling[0m digest v0.10.7
[1m[92m   Compiling[0m tracing-core v0.1.36
[1m[92m   Compiling[0m futures-channel v0.3.32
[1m[92m   Compiling[0m sync_wrapper v1.0.2
[1m[92m   Compiling[0m cpufeatures v0.2.17
[1m[92m   Compiling[0m atomic-waker v1.1.2
[1m[92m   Compiling[0m tower-layer v0.3.3
[1m[92m   Compiling[0m tauri-runtime v2.11.3
[1m[92m   Compiling[0m wry v0.55.1
[1m[92m   Compiling[0m tracing v0.1.44
[1m[92m   Compiling[0m sha2 v0.10.9
[1m[92m   Compiling[0m ico v0.5.0
[1m[92m   Compiling[0m tauri-runtime-wry v2.11.4
[1m[92m   Compiling[0m ipnet v2.12.0
[1m[92m   Compiling[0m getrandom v0.3.4
[1m[92m   Compiling[0m futures-sink v0.3.32
[1m[92m   Compiling[0m http-body-util v0.1.3
[1m[92m   Compiling[0m serialize-to-javascript-impl v0.1.2
[1m[92m   Compiling[0m tower v0.5.3
[1m[92m   Compiling[0m hyper v1.10.1
[1m[92m   Compiling[0m jni v0.21.1
[1m[92m   Compiling[0m tokio-util v0.7.18
[1m[92m   Compiling[0m serialize-to-javascript v0.1.2
[1m[92m   Compiling[0m serde_repr v0.1.20
[1m[92m   Compiling[0m tower-http v0.6.11
[1m[92m   Compiling[0m mime v0.3.17
[1m[92m   Compiling[0m hyper-util v0.1.20
[1m[92m   Compiling[0m reqwest v0.13.4
[1m[92m   Compiling[0m tao v0.35.3
[1m[92m   Compiling[0m tauri-build v2.6.3
[1m[92m   Compiling[0m tauri-codegen v2.6.3
[1m[92m   Compiling[0m tauri v2.11.5
[1m[92m   Compiling[0m tauri-macros v2.6.3
[1m[92m   Compiling[0m sanctissimissa v1.41.21298 (/home/robin/Desktop/devProjects/sanctissimissa/src-tauri)
[1m[92m    Finished[0m `release` profile [optimized + debuginfo] target(s) in 6m 50s
        Info symlinking lib "/home/robin/Desktop/devProjects/sanctissimissa/src-tauri/target/aarch64-linux-android/release/libsanctissimissa_lib.so" in jniLibs dir "/home/robin/Desktop/devProjects/sanctissimissa/src-tauri/gen/android/app/src/main/jniLibs/arm64-v8a"
        Info "/home/robin/Desktop/devProjects/sanctissimissa/src-tauri/target/aarch64-linux-android/release/libsanctissimissa_lib.so" requires shared lib "libandroid.so"
        Info "/home/robin/Desktop/devProjects/sanctissimissa/src-tauri/target/aarch64-linux-android/release/libsanctissimissa_lib.so" requires shared lib "libdl.so"
        Info "/home/robin/Desktop/devProjects/sanctissimissa/src-tauri/target/aarch64-linux-android/release/libsanctissimissa_lib.so" requires shared lib "liblog.so"
        Info "/home/robin/Desktop/devProjects/sanctissimissa/src-tauri/target/aarch64-linux-android/release/libsanctissimissa_lib.so" requires shared lib "libm.so"
        Info "/home/robin/Desktop/devProjects/sanctissimissa/src-tauri/target/aarch64-linux-android/release/libsanctissimissa_lib.so" requires shared lib "libc.so"
        Info symlink at "/home/robin/Desktop/devProjects/sanctissimissa/src-tauri/gen/android/app/src/main/jniLibs/arm64-v8a/libsanctissimissa_lib.so" points to "/home/robin/Desktop/devProjects/sanctissimissa/src-tauri/target/aarch64-linux-android/release/libsanctissimissa_lib.so"
        Info symlink at "/home/robin/Desktop/devProjects/sanctissimissa/src-tauri/gen/android/app/src/main/jniLibs/armeabi-v7a/libsanctissimissa_lib.so" points to "/home/robin/Desktop/devProjects/sanctissimissa/src-tauri/target/armv7-linux-androideabi/debug/libsanctissimissa_lib.so"
        Info symlink at "/home/robin/Desktop/devProjects/sanctissimissa/src-tauri/gen/android/app/src/main/jniLibs/x86/libsanctissimissa_lib.so" points to "/home/robin/Desktop/devProjects/sanctissimissa/src-tauri/target/i686-linux-android/debug/libsanctissimissa_lib.so"
        Info symlink at "/home/robin/Desktop/devProjects/sanctissimissa/src-tauri/gen/android/app/src/main/jniLibs/x86_64/libsanctissimissa_lib.so" points to "/home/robin/Desktop/devProjects/sanctissimissa/src-tauri/target/x86_64-linux-android/debug/libsanctissimissa_lib.so"
        Info connection; remote_addr=127.0.0.1:48478 conn_id=0
[1m[32m        Info[0m Using installed NDK: /home/robin/Android/Sdk/ndk/27.0.12077973
[1m[92m   Compiling[0m sanctissimissa v1.41.21298 (/home/robin/Desktop/devProjects/sanctissimissa/src-tauri)
[1m[92m    Finished[0m `release` profile [optimized + debuginfo] target(s) in 1m 21s
[1m[32m        Info[0m symlinking lib "/home/robin/Desktop/devProjects/sanctissimissa/src-tauri/target/aarch64-linux-android/release/libsanctissimissa_lib.so" in jniLibs dir "/home/robin/Desktop/devProjects/sanctissimissa/src-tauri/gen/android/app/src/main/jniLibs/arm64-v8a"
[1m[32m        Info[0m "/home/robin/Desktop/devProjects/sanctissimissa/src-tauri/target/aarch64-linux-android/release/libsanctissimissa_lib.so" requires shared lib "libandroid.so"
[1m[32m        Info[0m "/home/robin/Desktop/devProjects/sanctissimissa/src-tauri/target/aarch64-linux-android/release/libsanctissimissa_lib.so" requires shared lib "libdl.so"
[1m[32m        Info[0m "/home/robin/Desktop/devProjects/sanctissimissa/src-tauri/target/aarch64-linux-android/release/libsanctissimissa_lib.so" requires shared lib "liblog.so"
[1m[32m        Info[0m "/home/robin/Desktop/devProjects/sanctissimissa/src-tauri/target/aarch64-linux-android/release/libsanctissimissa_lib.so" requires shared lib "libm.so"
[1m[32m        Info[0m "/home/robin/Desktop/devProjects/sanctissimissa/src-tauri/target/aarch64-linux-android/release/libsanctissimissa_lib.so" requires shared lib "libc.so"
        Info connection; remote_addr=127.0.0.1:45194 conn_id=1
[1m[32m        Info[0m Using installed NDK: /home/robin/Android/Sdk/ndk/27.0.12077973
[1m[92m   Compiling[0m stable_deref_trait v1.2.1
[1m[92m   Compiling[0m serde_core v1.0.228
[1m[92m   Compiling[0m serde v1.0.228
[1m[92m   Compiling[0m libc v0.2.186
[1m[92m   Compiling[0m smallvec v1.15.2
[1m[92m   Compiling[0m memchr v2.8.2
[1m[92m   Compiling[0m itoa v1.0.18
[1m[92m   Compiling[0m zerofrom v0.1.8
[1m[92m   Compiling[0m litemap v0.8.2
[1m[92m   Compiling[0m cfg-if v1.0.4
[1m[92m   Compiling[0m writeable v0.6.3
[1m[92m   Compiling[0m siphasher v1.0.3
[1m[92m   Compiling[0m utf8_iter v1.0.4
[1m[92m   Compiling[0m icu_normalizer_data v2.2.0
[1m[92m   Compiling[0m icu_properties_data v2.2.0
[1m[92m   Compiling[0m log v0.4.33
[1m[92m   Compiling[0m percent-encoding v2.3.2
[1m[92m   Compiling[0m futures-core v0.3.32
[1m[92m   Compiling[0m pin-project-lite v0.2.17
[1m[92m   Compiling[0m yoke v0.8.3
[1m[92m   Compiling[0m thiserror v1.0.69
[1m[92m   Compiling[0m parking_lot_core v0.9.12
[1m[92m   Compiling[0m zmij v1.0.21
[1m[92m   Compiling[0m new_debug_unreachable v1.0.6
[1m[92m   Compiling[0m phf_shared v0.13.1
[1m[92m   Compiling[0m scopeguard v1.2.0
[1m[92m   Compiling[0m jni-sys v0.3.1
[1m[92m   Compiling[0m serde_json v1.0.150
[1m[92m   Compiling[0m form_urlencoded v1.2.2
[1m[92m   Compiling[0m jni-sys v0.4.1
[1m[92m   Compiling[0m lock_api v0.4.14
[1m[92m   Compiling[0m bitflags v2.13.0
[1m[92m   Compiling[0m precomputed-hash v0.1.1
[1m[92m   Compiling[0m generic-array v0.14.7
[1m[92m   Compiling[0m zerovec v0.11.6
[1m[92m   Compiling[0m zerotrie v0.2.4
[1m[92m   Compiling[0m powerfmt v0.2.0
[1m[92m   Compiling[0m typenum v1.20.1
[1m[92m   Compiling[0m base64 v0.22.1
[1m[92m   Compiling[0m time-core v0.1.9
[1m[92m   Compiling[0m deranged v0.5.8
[1m[92m   Compiling[0m phf v0.13.1
[1m[92m   Compiling[0m num-conv v0.2.2
[1m[92m   Compiling[0m once_cell v1.21.4
[1m[92m   Compiling[0m socket2 v0.6.4
[1m[92m   Compiling[0m mio v1.2.1
[1m[92m   Compiling[0m aho-corasick v1.1.4
[1m[92m   Compiling[0m web_atoms v0.2.5
[1m[92m   Compiling[0m typeid v1.0.3
[1m[92m   Compiling[0m unic-char-range v0.9.0
[1m[92m   Compiling[0m regex-syntax v0.8.11
[1m[92m   Compiling[0m alloc-no-stdlib v2.0.4
[1m[92m   Compiling[0m utf-8 v0.7.6
[1m[92m   Compiling[0m unic-common v0.9.0
[1m[92m   Compiling[0m parking_lot v0.12.5
[1m[92m   Compiling[0m dtoa v1.0.11
[1m[92m   Compiling[0m tendril v0.5.0
[1m[92m   Compiling[0m unic-ucd-version v0.9.0
[1m[92m   Compiling[0m alloc-stdlib v0.2.4
[1m[92m   Compiling[0m unic-char-property v0.9.0
[1m[92m   Compiling[0m tinystr v0.8.3
[1m[92m   Compiling[0m potential_utf v0.1.5
[1m[92m   Compiling[0m dtoa-short v0.3.5
[1m[92m   Compiling[0m crossbeam-utils v0.8.21
[1m[92m   Compiling[0m erased-serde v0.4.10
[1m[92m   Compiling[0m string_cache v0.9.0
[1m[92m   Compiling[0m icu_locale_core v2.2.0
[1m[92m   Compiling[0m thiserror v2.0.18
[1m[92m   Compiling[0m icu_collections v2.2.0
[1m[92m   Compiling[0m byteorder v1.5.0
[1m[92m   Compiling[0m futures-task v0.3.32
[1m[92m   Compiling[0m fnv v1.0.7
[1m[92m   Compiling[0m winnow v1.0.3
[1m[92m   Compiling[0m cesu8 v1.1.0
[1m[92m   Compiling[0m equivalent v1.0.2
[1m[92m   Compiling[0m raw-window-handle v0.6.2
[1m[92m   Compiling[0m slab v0.4.12
[1m[92m   Compiling[0m hashbrown v0.17.1
[1m[92m   Compiling[0m httparse v1.10.1
[1m[92m   Compiling[0m time v0.3.53
[1m[92m   Compiling[0m toml_parser v1.1.2+spec-1.1.0
[1m[92m   Compiling[0m futures-util v0.3.32
[1m[92m   Compiling[0m cookie v0.18.1
[1m[92m   Compiling[0m cssparser v0.36.0
[1m[92m   Compiling[0m crypto-common v0.1.7
[1m[92m   Compiling[0m block-buffer v0.10.4
[1m[92m   Compiling[0m num_enum v0.7.6
[1m[92m   Compiling[0m unic-ucd-ident v0.9.0
[1m[92m   Compiling[0m brotli-decompressor v5.0.3
[1m[92m   Compiling[0m ndk-sys v0.6.0+11769913
[1m[92m   Compiling[0m indexmap v2.14.0
[1m[92m   Compiling[0m icu_provider v2.2.0
[1m[92m   Compiling[0m markup5ever v0.38.0
[1m[92m   Compiling[0m quick-xml v0.41.0
[1m[92m   Compiling[0m anyhow v1.0.103
[1m[92m   Compiling[0m selectors v0.36.1
[1m[92m   Compiling[0m derive_more v2.1.1
[1m[92m   Compiling[0m icu_properties v2.2.0
[1m[92m   Compiling[0m icu_normalizer v2.2.0
[1m[92m   Compiling[0m uuid v1.23.4
[1m[92m   Compiling[0m regex-automata v0.4.14
[1m[92m   Compiling[0m toml_datetime v1.1.1+spec-1.1.0
[1m[92m   Compiling[0m bytes v1.12.0
[1m[92m   Compiling[0m dpi v0.1.2
[1m[92m   Compiling[0m cfb v0.7.3
[1m[92m   Compiling[0m serde_spanned v1.1.1
[1m[92m   Compiling[0m servo_arc v0.4.3
[1m[92m   Compiling[0m rustc-hash v2.1.3
[1m[92m   Compiling[0m jsonptr v0.6.3
[1m[92m   Compiling[0m toml_writer v1.1.1+spec-1.1.0
[1m[92m   Compiling[0m same-file v1.0.6
[1m[92m   Compiling[0m http v1.4.2
[1m[92m   Compiling[0m idna_adapter v1.2.2
[1m[92m   Compiling[0m tokio v1.52.3
[1m[92m   Compiling[0m idna v1.1.0
[1m[92m   Compiling[0m combine v4.6.7
[1m[92m   Compiling[0m tower-service v0.3.3
[1m[92m   Compiling[0m bit-vec v0.8.0
[1m[92m   Compiling[0m url v2.5.8
[1m[92m   Compiling[0m try-lock v0.2.5
[1m[92m   Compiling[0m want v0.3.1
[1m[92m   Compiling[0m http-body v1.0.1
[1m[92m   Compiling[0m bit-set v0.8.0
[1m[92m   Compiling[0m infer v0.19.0
[1m[92m   Compiling[0m json-patch v3.0.1
[1m[92m   Compiling[0m serde-untagged v0.1.9
[1m[92m   Compiling[0m regex v1.12.4
[1m[92m   Compiling[0m toml v1.1.2+spec-1.1.0
[1m[92m   Compiling[0m walkdir v2.5.0
[1m[92m   Compiling[0m urlpattern v0.3.0
[1m[92m   Compiling[0m plist v1.10.0
[1m[92m   Compiling[0m brotli v8.0.4
[1m[92m   Compiling[0m ndk v0.9.0
[1m[92m   Compiling[0m serde_with v3.21.0
[1m[92m   Compiling[0m html5ever v0.38.0
[1m[92m   Compiling[0m crossbeam-channel v0.5.15
[1m[92m   Compiling[0m digest v0.10.7
[1m[92m   Compiling[0m tracing-core v0.1.36
[1m[92m   Compiling[0m sync_wrapper v1.0.2
[1m[92m   Compiling[0m futures-channel v0.3.32
[1m[92m   Compiling[0m ctor v0.8.0
[1m[92m   Compiling[0m foldhash v0.2.0
[1m[92m   Compiling[0m semver v1.0.28
[1m[92m   Compiling[0m glob v0.3.3
[1m[92m   Compiling[0m tower-layer v0.3.3
[1m[92m   Compiling[0m atomic-waker v1.1.2
[1m[92m   Compiling[0m dunce v1.0.5
[1m[92m   Compiling[0m tauri-runtime v2.11.3
[1m[92m   Compiling[0m wry v0.55.1
[1m[92m   Compiling[0m dom_query v0.27.0
[1m[92m   Compiling[0m tracing v0.1.44
[1m[92m   Compiling[0m sha2 v0.10.9
[1m[92m   Compiling[0m tower v0.5.3
[1m[92m   Compiling[0m hyper v1.10.1
[1m[92m   Compiling[0m option-ext v0.2.0
[1m[92m   Compiling[0m futures-sink v0.3.32
[1m[92m   Compiling[0m ipnet v2.12.0
[1m[92m   Compiling[0m getrandom v0.3.4
[1m[92m   Compiling[0m tauri-runtime-wry v2.11.4
[1m[92m   Compiling[0m tokio-util v0.7.18
[1m[92m   Compiling[0m dirs-sys v0.5.0
[1m[92m   Compiling[0m tauri v2.11.5
[1m[92m   Compiling[0m http-body-util v0.1.3
[1m[92m   Compiling[0m jni v0.21.1
[1m[92m   Compiling[0m tower-http v0.6.11
[1m[92m   Compiling[0m serialize-to-javascript v0.1.2
[1m[92m   Compiling[0m dirs v6.0.0
[1m[92m   Compiling[0m heck v0.5.0
[1m[92m   Compiling[0m mime v0.3.17
[1m[92m   Compiling[0m tauri-utils v2.9.3
[1m[92m   Compiling[0m hyper-util v0.1.20
[1m[92m   Compiling[0m sanctissimissa v1.41.21298 (/home/robin/Desktop/devProjects/sanctissimissa/src-tauri)
[1m[92m   Compiling[0m reqwest v0.13.4
[1m[92m   Compiling[0m tao v0.35.3
[1m[92m    Finished[0m `release` profile [optimized + debuginfo] target(s) in 6m 23s
[1m[32m        Info[0m symlinking lib "/home/robin/Desktop/devProjects/sanctissimissa/src-tauri/target/armv7-linux-androideabi/release/libsanctissimissa_lib.so" in jniLibs dir "/home/robin/Desktop/devProjects/sanctissimissa/src-tauri/gen/android/app/src/main/jniLibs/armeabi-v7a"
[1m[32m        Info[0m "/home/robin/Desktop/devProjects/sanctissimissa/src-tauri/target/armv7-linux-androideabi/release/libsanctissimissa_lib.so" requires shared lib "libandroid.so"
[1m[32m        Info[0m "/home/robin/Desktop/devProjects/sanctissimissa/src-tauri/target/armv7-linux-androideabi/release/libsanctissimissa_lib.so" requires shared lib "libdl.so"
[1m[32m        Info[0m "/home/robin/Desktop/devProjects/sanctissimissa/src-tauri/target/armv7-linux-androideabi/release/libsanctissimissa_lib.so" requires shared lib "liblog.so"
[1m[32m        Info[0m "/home/robin/Desktop/devProjects/sanctissimissa/src-tauri/target/armv7-linux-androideabi/release/libsanctissimissa_lib.so" requires shared lib "libm.so"
[1m[32m        Info[0m "/home/robin/Desktop/devProjects/sanctissimissa/src-tauri/target/armv7-linux-androideabi/release/libsanctissimissa_lib.so" requires shared lib "libc.so"
        Info connection; remote_addr=127.0.0.1:43060 conn_id=2
[1m[32m        Info[0m Using installed NDK: /home/robin/Android/Sdk/ndk/27.0.12077973
[1m[92m   Compiling[0m stable_deref_trait v1.2.1
[1m[92m   Compiling[0m serde_core v1.0.228
[1m[92m   Compiling[0m serde v1.0.228
[1m[92m   Compiling[0m libc v0.2.186
[1m[92m   Compiling[0m smallvec v1.15.2
[1m[92m   Compiling[0m itoa v1.0.18
[1m[92m   Compiling[0m memchr v2.8.2
[1m[92m   Compiling[0m zerofrom v0.1.8
[1m[92m   Compiling[0m cfg-if v1.0.4
[1m[92m   Compiling[0m writeable v0.6.3
[1m[92m   Compiling[0m litemap v0.8.2
[1m[92m   Compiling[0m siphasher v1.0.3
[1m[92m   Compiling[0m utf8_iter v1.0.4
[1m[92m   Compiling[0m icu_normalizer_data v2.2.0
[1m[92m   Compiling[0m icu_properties_data v2.2.0
[1m[92m   Compiling[0m log v0.4.33
[1m[92m   Compiling[0m futures-core v0.3.32
[1m[92m   Compiling[0m percent-encoding v2.3.2
[1m[92m   Compiling[0m pin-project-lite v0.2.17
[1m[92m   Compiling[0m yoke v0.8.3
[1m[92m   Compiling[0m thiserror v1.0.69
[1m[92m   Compiling[0m parking_lot_core v0.9.12
[1m[92m   Compiling[0m zmij v1.0.21
[1m[92m   Compiling[0m new_debug_unreachable v1.0.6
[1m[92m   Compiling[0m phf_shared v0.13.1
[1m[92m   Compiling[0m scopeguard v1.2.0
[1m[92m   Compiling[0m serde_json v1.0.150
[1m[92m   Compiling[0m form_urlencoded v1.2.2
[1m[92m   Compiling[0m jni-sys v0.3.1
[1m[92m   Compiling[0m jni-sys v0.4.1
[1m[92m   Compiling[0m lock_api v0.4.14
[1m[92m   Compiling[0m bitflags v2.13.0
[1m[92m   Compiling[0m precomputed-hash v0.1.1
[1m[92m   Compiling[0m zerovec v0.11.6
[1m[92m   Compiling[0m zerotrie v0.2.4
[1m[92m   Compiling[0m generic-array v0.14.7
[1m[92m   Compiling[0m typenum v1.20.1
[1m[92m   Compiling[0m time-core v0.1.9
[1m[92m   Compiling[0m base64 v0.22.1
[1m[92m   Compiling[0m num-conv v0.2.2
[1m[92m   Compiling[0m powerfmt v0.2.0
[1m[92m   Compiling[0m phf v0.13.1
[1m[92m   Compiling[0m deranged v0.5.8
[1m[92m   Compiling[0m once_cell v1.21.4
[1m[92m   Compiling[0m aho-corasick v1.1.4
[1m[92m   Compiling[0m socket2 v0.6.4
[1m[92m   Compiling[0m mio v1.2.1
[1m[92m   Compiling[0m web_atoms v0.2.5
[1m[92m   Compiling[0m typeid v1.0.3
[1m[92m   Compiling[0m dtoa v1.0.11
[1m[92m   Compiling[0m regex-syntax v0.8.11
[1m[92m   Compiling[0m unic-char-range v0.9.0
[1m[92m   Compiling[0m unic-common v0.9.0
[1m[92m   Compiling[0m alloc-no-stdlib v2.0.4
[1m[92m   Compiling[0m utf-8 v0.7.6
[1m[92m   Compiling[0m parking_lot v0.12.5
[1m[92m   Compiling[0m alloc-stdlib v0.2.4
[1m[92m   Compiling[0m unic-ucd-version v0.9.0
[1m[92m   Compiling[0m dtoa-short v0.3.5
[1m[92m   Compiling[0m tinystr v0.8.3
[1m[92m   Compiling[0m potential_utf v0.1.5
[1m[92m   Compiling[0m tendril v0.5.0
[1m[92m   Compiling[0m unic-char-property v0.9.0
[1m[92m   Compiling[0m crossbeam-utils v0.8.21
[1m[92m   Compiling[0m icu_collections v2.2.0
[1m[92m   Compiling[0m thiserror v2.0.18
[1m[92m   Compiling[0m erased-serde v0.4.10
[1m[92m   Compiling[0m string_cache v0.9.0
[1m[92m   Compiling[0m icu_locale_core v2.2.0
[1m[92m   Compiling[0m winnow v1.0.3
[1m[92m   Compiling[0m slab v0.4.12
[1m[92m   Compiling[0m raw-window-handle v0.6.2
[1m[92m   Compiling[0m futures-task v0.3.32
[1m[92m   Compiling[0m fnv v1.0.7
[1m[92m   Compiling[0m cesu8 v1.1.0
[1m[92m   Compiling[0m equivalent v1.0.2
[1m[92m   Compiling[0m byteorder v1.5.0
[1m[92m   Compiling[0m hashbrown v0.17.1
[1m[92m   Compiling[0m httparse v1.10.1
[1m[92m   Compiling[0m toml_parser v1.1.2+spec-1.1.0
[1m[92m   Compiling[0m futures-util v0.3.32
[1m[92m   Compiling[0m cookie v0.18.1
[1m[92m   Compiling[0m unic-ucd-ident v0.9.0
[1m[92m   Compiling[0m num_enum v0.7.6
[1m[92m   Compiling[0m crypto-common v0.1.7
[1m[92m   Compiling[0m block-buffer v0.10.4
[1m[92m   Compiling[0m time v0.3.53
[1m[92m   Compiling[0m cssparser v0.36.0
[1m[92m   Compiling[0m brotli-decompressor v5.0.3
[1m[92m   Compiling[0m ndk-sys v0.6.0+11769913
[1m[92m   Compiling[0m quick-xml v0.41.0
[1m[92m   Compiling[0m anyhow v1.0.103
[1m[92m   Compiling[0m markup5ever v0.38.0
[1m[92m   Compiling[0m icu_provider v2.2.0
[1m[92m   Compiling[0m indexmap v2.14.0
[1m[92m   Compiling[0m servo_arc v0.4.3
[1m[92m   Compiling[0m icu_normalizer v2.2.0
[1m[92m   Compiling[0m icu_properties v2.2.0
[1m[92m   Compiling[0m selectors v0.36.1
[1m[92m   Compiling[0m derive_more v2.1.1
[1m[92m   Compiling[0m regex-automata v0.4.14
[1m[92m   Compiling[0m uuid v1.23.4
[1m[92m   Compiling[0m bytes v1.12.0
[1m[92m   Compiling[0m dpi v0.1.2
[1m[92m   Compiling[0m cfb v0.7.3
[1m[92m   Compiling[0m toml_datetime v1.1.1+spec-1.1.0
[1m[92m   Compiling[0m serde_spanned v1.1.1
[1m[92m   Compiling[0m jsonptr v0.6.3
[1m[92m   Compiling[0m bit-vec v0.8.0
[1m[92m   Compiling[0m rustc-hash v2.1.3
[1m[92m   Compiling[0m toml_writer v1.1.1+spec-1.1.0
[1m[92m   Compiling[0m idna_adapter v1.2.2
[1m[92m   Compiling[0m http v1.4.2
[1m[92m   Compiling[0m idna v1.1.0
[1m[92m   Compiling[0m tokio v1.52.3
[1m[92m   Compiling[0m combine v4.6.7
[1m[92m   Compiling[0m try-lock v0.2.5
[1m[92m   Compiling[0m tower-service v0.3.3
[1m[92m   Compiling[0m same-file v1.0.6
[1m[92m   Compiling[0m url v2.5.8
[1m[92m   Compiling[0m walkdir v2.5.0
[1m[92m   Compiling[0m http-body v1.0.1
[1m[92m   Compiling[0m regex v1.12.4
[1m[92m   Compiling[0m want v0.3.1
[1m[92m   Compiling[0m plist v1.10.0
[1m[92m   Compiling[0m json-patch v3.0.1
[1m[92m   Compiling[0m infer v0.19.0
[1m[92m   Compiling[0m bit-set v0.8.0
[1m[92m   Compiling[0m urlpattern v0.3.0
[1m[92m   Compiling[0m toml v1.1.2+spec-1.1.0
[1m[92m   Compiling[0m serde-untagged v0.1.9
[1m[92m   Compiling[0m brotli v8.0.4
[1m[92m   Compiling[0m ndk v0.9.0
[1m[92m   Compiling[0m serde_with v3.21.0
[1m[92m   Compiling[0m html5ever v0.38.0
[1m[92m   Compiling[0m crossbeam-channel v0.5.15
[1m[92m   Compiling[0m digest v0.10.7
[1m[92m   Compiling[0m tracing-core v0.1.36
[1m[92m   Compiling[0m sync_wrapper v1.0.2
[1m[92m   Compiling[0m futures-channel v0.3.32
[1m[92m   Compiling[0m ctor v0.8.0
[1m[92m   Compiling[0m cpufeatures v0.2.17
[1m[92m   Compiling[0m glob v0.3.3
[1m[92m   Compiling[0m foldhash v0.2.0
[1m[92m   Compiling[0m semver v1.0.28
[1m[92m   Compiling[0m tower-layer v0.3.3
[1m[92m   Compiling[0m atomic-waker v1.1.2
[1m[92m   Compiling[0m dunce v1.0.5
[1m[92m   Compiling[0m tauri-runtime v2.11.3
[1m[92m   Compiling[0m tracing v0.1.44
[1m[92m   Compiling[0m dom_query v0.27.0
[1m[92m   Compiling[0m sha2 v0.10.9
[1m[92m   Compiling[0m jni v0.21.1
[1m[92m   Compiling[0m tower v0.5.3
[1m[92m   Compiling[0m hyper v1.10.1
[1m[92m   Compiling[0m wry v0.55.1
[1m[92m   Compiling[0m ipnet v2.12.0
[1m[92m   Compiling[0m option-ext v0.2.0
[1m[92m   Compiling[0m futures-sink v0.3.32
[1m[92m   Compiling[0m getrandom v0.3.4
[1m[92m   Compiling[0m tauri-runtime-wry v2.11.4
[1m[92m   Compiling[0m dirs-sys v0.5.0
[1m[92m   Compiling[0m tokio-util v0.7.18
[1m[92m   Compiling[0m tauri v2.11.5
[1m[92m   Compiling[0m http-body-util v0.1.3
[1m[92m   Compiling[0m serialize-to-javascript v0.1.2
[1m[92m   Compiling[0m dirs v6.0.0
[1m[92m   Compiling[0m tower-http v0.6.11
[1m[92m   Compiling[0m heck v0.5.0
[1m[92m   Compiling[0m mime v0.3.17
[1m[92m   Compiling[0m sanctissimissa v1.41.21298 (/home/robin/Desktop/devProjects/sanctissimissa/src-tauri)
[1m[92m   Compiling[0m tauri-utils v2.9.3
[1m[92m   Compiling[0m hyper-util v0.1.20
[1m[92m   Compiling[0m reqwest v0.13.4
[1m[92m   Compiling[0m tao v0.35.3
[1m[92m    Finished[0m `release` profile [optimized + debuginfo] target(s) in 6m 50s
[1m[32m        Info[0m symlinking lib "/home/robin/Desktop/devProjects/sanctissimissa/src-tauri/target/i686-linux-android/release/libsanctissimissa_lib.so" in jniLibs dir "/home/robin/Desktop/devProjects/sanctissimissa/src-tauri/gen/android/app/src/main/jniLibs/x86"
[1m[32m        Info[0m "/home/robin/Desktop/devProjects/sanctissimissa/src-tauri/target/i686-linux-android/release/libsanctissimissa_lib.so" requires shared lib "libandroid.so"
[1m[32m        Info[0m "/home/robin/Desktop/devProjects/sanctissimissa/src-tauri/target/i686-linux-android/release/libsanctissimissa_lib.so" requires shared lib "libdl.so"
[1m[32m        Info[0m "/home/robin/Desktop/devProjects/sanctissimissa/src-tauri/target/i686-linux-android/release/libsanctissimissa_lib.so" requires shared lib "liblog.so"
[1m[32m        Info[0m "/home/robin/Desktop/devProjects/sanctissimissa/src-tauri/target/i686-linux-android/release/libsanctissimissa_lib.so" requires shared lib "libm.so"
[1m[32m        Info[0m "/home/robin/Desktop/devProjects/sanctissimissa/src-tauri/target/i686-linux-android/release/libsanctissimissa_lib.so" requires shared lib "libc.so"
        Info connection; remote_addr=127.0.0.1:33880 conn_id=3
[1m[32m        Info[0m Using installed NDK: /home/robin/Android/Sdk/ndk/27.0.12077973
[1m[92m   Compiling[0m stable_deref_trait v1.2.1
[1m[92m   Compiling[0m serde_core v1.0.228
[1m[92m   Compiling[0m serde v1.0.228
[1m[92m   Compiling[0m libc v0.2.186
[1m[92m   Compiling[0m smallvec v1.15.2
[1m[92m   Compiling[0m memchr v2.8.2
[1m[92m   Compiling[0m itoa v1.0.18
[1m[92m   Compiling[0m zerofrom v0.1.8
[1m[92m   Compiling[0m writeable v0.6.3
[1m[92m   Compiling[0m cfg-if v1.0.4
[1m[92m   Compiling[0m litemap v0.8.2
[1m[92m   Compiling[0m utf8_iter v1.0.4
[1m[92m   Compiling[0m siphasher v1.0.3
[1m[92m   Compiling[0m icu_normalizer_data v2.2.0
[1m[92m   Compiling[0m icu_properties_data v2.2.0
[1m[92m   Compiling[0m log v0.4.33
[1m[92m   Compiling[0m percent-encoding v2.3.2
[1m[92m   Compiling[0m futures-core v0.3.32
[1m[92m   Compiling[0m pin-project-lite v0.2.17
[1m[92m   Compiling[0m yoke v0.8.3
[1m[92m   Compiling[0m thiserror v1.0.69
[1m[92m   Compiling[0m zmij v1.0.21
[1m[92m   Compiling[0m parking_lot_core v0.9.12
[1m[92m   Compiling[0m new_debug_unreachable v1.0.6
[1m[92m   Compiling[0m phf_shared v0.13.1
[1m[92m   Compiling[0m scopeguard v1.2.0
[1m[92m   Compiling[0m jni-sys v0.3.1
[1m[92m   Compiling[0m serde_json v1.0.150
[1m[92m   Compiling[0m form_urlencoded v1.2.2
[1m[92m   Compiling[0m lock_api v0.4.14
[1m[92m   Compiling[0m jni-sys v0.4.1
[1m[92m   Compiling[0m precomputed-hash v0.1.1
[1m[92m   Compiling[0m bitflags v2.13.0
[1m[92m   Compiling[0m generic-array v0.14.7
[1m[92m   Compiling[0m zerovec v0.11.6
[1m[92m   Compiling[0m zerotrie v0.2.4
[1m[92m   Compiling[0m powerfmt v0.2.0
[1m[92m   Compiling[0m num-conv v0.2.2
[1m[92m   Compiling[0m time-core v0.1.9
[1m[92m   Compiling[0m once_cell v1.21.4
[1m[92m   Compiling[0m typenum v1.20.1
[1m[92m   Compiling[0m phf v0.13.1
[1m[92m   Compiling[0m deranged v0.5.8
[1m[92m   Compiling[0m base64 v0.22.1
[1m[92m   Compiling[0m web_atoms v0.2.5
[1m[92m   Compiling[0m aho-corasick v1.1.4
[1m[92m   Compiling[0m typeid v1.0.3
[1m[92m   Compiling[0m regex-syntax v0.8.11
[1m[92m   Compiling[0m mio v1.2.1
[1m[92m   Compiling[0m socket2 v0.6.4
[1m[92m   Compiling[0m unic-common v0.9.0
[1m[92m   Compiling[0m alloc-no-stdlib v2.0.4
[1m[92m   Compiling[0m utf-8 v0.7.6
[1m[92m   Compiling[0m dtoa v1.0.11
[1m[92m   Compiling[0m unic-char-range v0.9.0
[1m[92m   Compiling[0m parking_lot v0.12.5
[1m[92m   Compiling[0m dtoa-short v0.3.5
[1m[92m   Compiling[0m tinystr v0.8.3
[1m[92m   Compiling[0m potential_utf v0.1.5
[1m[92m   Compiling[0m tendril v0.5.0
[1m[92m   Compiling[0m unic-char-property v0.9.0
[1m[92m   Compiling[0m icu_collections v2.2.0
[1m[92m   Compiling[0m string_cache v0.9.0
[1m[92m   Compiling[0m icu_locale_core v2.2.0
[1m[92m   Compiling[0m crossbeam-utils v0.8.21
[1m[92m   Compiling[0m alloc-stdlib v0.2.4
[1m[92m   Compiling[0m unic-ucd-version v0.9.0
[1m[92m   Compiling[0m thiserror v2.0.18
[1m[92m   Compiling[0m erased-serde v0.4.10
[1m[92m   Compiling[0m futures-task v0.3.32
[1m[92m   Compiling[0m equivalent v1.0.2
[1m[92m   Compiling[0m winnow v1.0.3
[1m[92m   Compiling[0m cesu8 v1.1.0
[1m[92m   Compiling[0m fnv v1.0.7
[1m[92m   Compiling[0m slab v0.4.12
[1m[92m   Compiling[0m raw-window-handle v0.6.2
[1m[92m   Compiling[0m byteorder v1.5.0
[1m[92m   Compiling[0m hashbrown v0.17.1
[1m[92m   Compiling[0m futures-util v0.3.32
[1m[92m   Compiling[0m httparse v1.10.1
[1m[92m   Compiling[0m time v0.3.53
[1m[92m   Compiling[0m toml_parser v1.1.2+spec-1.1.0
[1m[92m   Compiling[0m crypto-common v0.1.7
[1m[92m   Compiling[0m block-buffer v0.10.4
[1m[92m   Compiling[0m cookie v0.18.1
[1m[92m   Compiling[0m num_enum v0.7.6
[1m[92m   Compiling[0m brotli-decompressor v5.0.3
[1m[92m   Compiling[0m unic-ucd-ident v0.9.0
[1m[92m   Compiling[0m cssparser v0.36.0
[1m[92m   Compiling[0m ndk-sys v0.6.0+11769913
[1m[92m   Compiling[0m quick-xml v0.41.0
[1m[92m   Compiling[0m icu_provider v2.2.0
[1m[92m   Compiling[0m markup5ever v0.38.0
[1m[92m   Compiling[0m indexmap v2.14.0
[1m[92m   Compiling[0m anyhow v1.0.103
[1m[92m   Compiling[0m icu_normalizer v2.2.0
[1m[92m   Compiling[0m icu_properties v2.2.0
[1m[92m   Compiling[0m uuid v1.23.4
[1m[92m   Compiling[0m regex-automata v0.4.14
[1m[92m   Compiling[0m serde_spanned v1.1.1
[1m[92m   Compiling[0m bytes v1.12.0
[1m[92m   Compiling[0m dpi v0.1.2
[1m[92m   Compiling[0m cfb v0.7.3
[1m[92m   Compiling[0m jsonptr v0.6.3
[1m[92m   Compiling[0m idna_adapter v1.2.2
[1m[92m   Compiling[0m toml_datetime v1.1.1+spec-1.1.0
[1m[92m   Compiling[0m selectors v0.36.1
[1m[92m   Compiling[0m http v1.4.2
[1m[92m   Compiling[0m idna v1.1.0
[1m[92m   Compiling[0m tokio v1.52.3
[1m[92m   Compiling[0m url v2.5.8
[1m[92m   Compiling[0m combine v4.6.7
[1m[92m   Compiling[0m servo_arc v0.4.3
[1m[92m   Compiling[0m derive_more v2.1.1
[1m[92m   Compiling[0m same-file v1.0.6
[1m[92m   Compiling[0m tower-service v0.3.3
[1m[92m   Compiling[0m http-body v1.0.1
[1m[92m   Compiling[0m rustc-hash v2.1.3
[1m[92m   Compiling[0m toml_writer v1.1.1+spec-1.1.0
[1m[92m   Compiling[0m try-lock v0.2.5
[1m[92m   Compiling[0m bit-vec v0.8.0
[1m[92m   Compiling[0m want v0.3.1
[1m[92m   Compiling[0m regex v1.12.4
[1m[92m   Compiling[0m bit-set v0.8.0
[1m[92m   Compiling[0m toml v1.1.2+spec-1.1.0
[1m[92m   Compiling[0m walkdir v2.5.0
[1m[92m   Compiling[0m infer v0.19.0
[1m[92m   Compiling[0m serde-untagged v0.1.9
[1m[92m   Compiling[0m urlpattern v0.3.0
[1m[92m   Compiling[0m json-patch v3.0.1
[1m[92m   Compiling[0m plist v1.10.0
[1m[92m   Compiling[0m ndk v0.9.0
[1m[92m   Compiling[0m brotli v8.0.4
[1m[92m   Compiling[0m serde_with v3.21.0
[1m[92m   Compiling[0m html5ever v0.38.0
[1m[92m   Compiling[0m crossbeam-channel v0.5.15
[1m[92m   Compiling[0m digest v0.10.7
[1m[92m   Compiling[0m tracing-core v0.1.36
[1m[92m   Compiling[0m sync_wrapper v1.0.2
[1m[92m   Compiling[0m futures-channel v0.3.32
[1m[92m   Compiling[0m ctor v0.8.0
[1m[92m   Compiling[0m foldhash v0.2.0
[1m[92m   Compiling[0m tower-layer v0.3.3
[1m[92m   Compiling[0m dunce v1.0.5
[1m[92m   Compiling[0m atomic-waker v1.1.2
[1m[92m   Compiling[0m cpufeatures v0.2.17
[1m[92m   Compiling[0m semver v1.0.28
[1m[92m   Compiling[0m glob v0.3.3
[1m[92m   Compiling[0m sha2 v0.10.9
[1m[92m   Compiling[0m wry v0.55.1
[1m[92m   Compiling[0m dom_query v0.27.0
[1m[92m   Compiling[0m tracing v0.1.44
[1m[92m   Compiling[0m tauri-runtime v2.11.3
[1m[92m   Compiling[0m ipnet v2.12.0
[1m[92m   Compiling[0m futures-sink v0.3.32
[1m[92m   Compiling[0m option-ext v0.2.0
[1m[92m   Compiling[0m getrandom v0.3.4
[1m[92m   Compiling[0m dirs-sys v0.5.0
[1m[92m   Compiling[0m tauri-runtime-wry v2.11.4
[1m[92m   Compiling[0m tauri v2.11.5
[1m[92m   Compiling[0m http-body-util v0.1.3
[1m[92m   Compiling[0m serialize-to-javascript v0.1.2
[1m[92m   Compiling[0m dirs v6.0.0
[1m[92m   Compiling[0m mime v0.3.17
[1m[92m   Compiling[0m hyper v1.10.1
[1m[92m   Compiling[0m tower v0.5.3
[1m[92m   Compiling[0m tokio-util v0.7.18
[1m[92m   Compiling[0m heck v0.5.0
[1m[92m   Compiling[0m sanctissimissa v1.41.21298 (/home/robin/Desktop/devProjects/sanctissimissa/src-tauri)
[1m[92m   Compiling[0m jni v0.21.1
[1m[92m   Compiling[0m tower-http v0.6.11
[1m[92m   Compiling[0m tauri-utils v2.9.3
[1m[92m   Compiling[0m hyper-util v0.1.20
[1m[92m   Compiling[0m reqwest v0.13.4
[1m[92m   Compiling[0m tao v0.35.3
[1m[92m    Finished[0m `release` profile [optimized + debuginfo] target(s) in 7m 40s
[1m[32m        Info[0m symlinking lib "/home/robin/Desktop/devProjects/sanctissimissa/src-tauri/target/x86_64-linux-android/release/libsanctissimissa_lib.so" in jniLibs dir "/home/robin/Desktop/devProjects/sanctissimissa/src-tauri/gen/android/app/src/main/jniLibs/x86_64"
[1m[32m        Info[0m "/home/robin/Desktop/devProjects/sanctissimissa/src-tauri/target/x86_64-linux-android/release/libsanctissimissa_lib.so" requires shared lib "libandroid.so"
[1m[32m        Info[0m "/home/robin/Desktop/devProjects/sanctissimissa/src-tauri/target/x86_64-linux-android/release/libsanctissimissa_lib.so" requires shared lib "libdl.so"
[1m[32m        Info[0m "/home/robin/Desktop/devProjects/sanctissimissa/src-tauri/target/x86_64-linux-android/release/libsanctissimissa_lib.so" requires shared lib "liblog.so"
[1m[32m        Info[0m "/home/robin/Desktop/devProjects/sanctissimissa/src-tauri/target/x86_64-linux-android/release/libsanctissimissa_lib.so" requires shared lib "libm.so"
[1m[32m        Info[0m "/home/robin/Desktop/devProjects/sanctissimissa/src-tauri/target/x86_64-linux-android/release/libsanctissimissa_lib.so" requires shared lib "libc.so"
w: file:///home/robin/.cargo/registry/src/index.crates.io-1949cf8c6b5b557f/tauri-2.11.5/mobile/android/src/main/java/app/tauri/AppPlugin.kt:35:37 'onBackPressed(): Unit' is deprecated. Deprecated in Java
w: file:///home/robin/.cargo/registry/src/index.crates.io-1949cf8c6b5b557f/tauri-2.11.5/mobile/android/src/main/java/app/tauri/plugin/Plugin.kt:107:5 'onDestroy(): Unit' is deprecated. use onDestroy(activity: AppCompatActivity) instead
w: file:///home/robin/.cargo/registry/src/index.crates.io-1949cf8c6b5b557f/tauri-2.11.5/mobile/android/src/main/java/app/tauri/plugin/Plugin.kt:112:5 'onRestart(): Unit' is deprecated. use onRestart(activity: AppCompatActivity) instead
w: file:///home/robin/.cargo/registry/src/index.crates.io-1949cf8c6b5b557f/tauri-2.11.5/mobile/android/src/main/java/app/tauri/plugin/PluginMethodData.kt:11:23 Parameter 'methodDecorator' is never used
Java compiler version 21 has deprecated support for compiling with source/target version 8.
Try one of the following options:
    1. [Recommended] Use Java toolchain with a lower language version
    2. Set a higher source/target version
    3. Use a lower version of the JDK running the build (if you're not using Java toolchain)
For more details on how to configure these settings, see https://developer.android.com/build/jdks.
To suppress this warning, set android.javaCompile.suppressSourceTargetDeprecationWarning=true in gradle.properties.
warning: [options] source value 8 is obsolete and will be removed in a future release
warning: [options] target value 8 is obsolete and will be removed in a future release
warning: [options] To suppress warnings about obsolete options, use -Xlint:-options.
3 warnings
w: file:///home/robin/Desktop/devProjects/sanctissimissa/src-tauri/gen/android/app/src/main/java/mba/robin/sanctissimissa/generated/RustWebView.kt:26:18 'setter for databaseEnabled: Boolean' is deprecated. Deprecated in Java
w: file:///home/robin/Desktop/devProjects/sanctissimissa/src-tauri/gen/android/app/src/main/java/mba/robin/sanctissimissa/generated/WryActivity.kt:69:46 'onBackPressed(): Unit' is deprecated. This method has been deprecated in favor of using the
      {@link OnBackPressedDispatcher} via {@link #getOnBackPressedDispatcher()}.
      The OnBackPressedDispatcher controls how back button events are dispatched
      to one or more {@link OnBackPressedCallback} objects.
Java compiler version 21 has deprecated support for compiling with source/target version 8.
Try one of the following options:
    1. [Recommended] Use Java toolchain with a lower language version
    2. Set a higher source/target version
    3. Use a lower version of the JDK running the build (if you're not using Java toolchain)
For more details on how to configure these settings, see https://developer.android.com/build/jdks.
To suppress this warning, set android.javaCompile.suppressSourceTargetDeprecationWarning=true in gradle.properties.
warning: [options] source value 8 is obsolete and will be removed in a future release
warning: [options] target value 8 is obsolete and will be removed in a future release
warning: [options] To suppress warnings about obsolete options, use -Xlint:-options.
3 warnings

[Incubating] Problems report is available at: file:///home/robin/Desktop/devProjects/sanctissimissa/src-tauri/gen/android/build/reports/problems/problems-report.html

Deprecated Gradle features were used in this build, making it incompatible with Gradle 9.0.

You can use '--warning-mode all' to show the individual deprecation warnings and determine if they come from your own scripts or plugins.

For more on this, please refer to https://docs.gradle.org/8.14.3/userguide/command_line_interface.html#sec:command_line_warnings in the Gradle documentation.
        Info connection; remote_addr=127.0.0.1:46704 conn_id=4
[1m[32m        Info[0m Using installed NDK: /home/robin/Android/Sdk/ndk/27.0.12077973
[1m[92m    Finished[0m `release` profile [optimized + debuginfo] target(s) in 0.52s
[1m[32m        Info[0m symlinking lib "/home/robin/Desktop/devProjects/sanctissimissa/src-tauri/target/aarch64-linux-android/release/libsanctissimissa_lib.so" in jniLibs dir "/home/robin/Desktop/devProjects/sanctissimissa/src-tauri/gen/android/app/src/main/jniLibs/arm64-v8a"
[1m[32m        Info[0m "/home/robin/Desktop/devProjects/sanctissimissa/src-tauri/target/aarch64-linux-android/release/libsanctissimissa_lib.so" requires shared lib "libandroid.so"
[1m[32m        Info[0m "/home/robin/Desktop/devProjects/sanctissimissa/src-tauri/target/aarch64-linux-android/release/libsanctissimissa_lib.so" requires shared lib "libdl.so"
[1m[32m        Info[0m "/home/robin/Desktop/devProjects/sanctissimissa/src-tauri/target/aarch64-linux-android/release/libsanctissimissa_lib.so" requires shared lib "liblog.so"
[1m[32m        Info[0m "/home/robin/Desktop/devProjects/sanctissimissa/src-tauri/target/aarch64-linux-android/release/libsanctissimissa_lib.so" requires shared lib "libm.so"
[1m[32m        Info[0m "/home/robin/Desktop/devProjects/sanctissimissa/src-tauri/target/aarch64-linux-android/release/libsanctissimissa_lib.so" requires shared lib "libc.so"
        Info connection; remote_addr=127.0.0.1:46706 conn_id=5
[1m[32m        Info[0m Using installed NDK: /home/robin/Android/Sdk/ndk/27.0.12077973
[1m[92m   Compiling[0m sanctissimissa v1.41.21298 (/home/robin/Desktop/devProjects/sanctissimissa/src-tauri)
[1m[92m    Finished[0m `release` profile [optimized + debuginfo] target(s) in 1m 51s
[1m[32m        Info[0m symlinking lib "/home/robin/Desktop/devProjects/sanctissimissa/src-tauri/target/armv7-linux-androideabi/release/libsanctissimissa_lib.so" in jniLibs dir "/home/robin/Desktop/devProjects/sanctissimissa/src-tauri/gen/android/app/src/main/jniLibs/armeabi-v7a"
[1m[32m        Info[0m "/home/robin/Desktop/devProjects/sanctissimissa/src-tauri/target/armv7-linux-androideabi/release/libsanctissimissa_lib.so" requires shared lib "libandroid.so"
[1m[32m        Info[0m "/home/robin/Desktop/devProjects/sanctissimissa/src-tauri/target/armv7-linux-androideabi/release/libsanctissimissa_lib.so" requires shared lib "libdl.so"
[1m[32m        Info[0m "/home/robin/Desktop/devProjects/sanctissimissa/src-tauri/target/armv7-linux-androideabi/release/libsanctissimissa_lib.so" requires shared lib "liblog.so"
[1m[32m        Info[0m "/home/robin/Desktop/devProjects/sanctissimissa/src-tauri/target/armv7-linux-androideabi/release/libsanctissimissa_lib.so" requires shared lib "libm.so"
[1m[32m        Info[0m "/home/robin/Desktop/devProjects/sanctissimissa/src-tauri/target/armv7-linux-androideabi/release/libsanctissimissa_lib.so" requires shared lib "libc.so"
        Info connection; remote_addr=127.0.0.1:40842 conn_id=6
[1m[32m        Info[0m Using installed NDK: /home/robin/Android/Sdk/ndk/27.0.12077973
[1m[92m   Compiling[0m sanctissimissa v1.41.21298 (/home/robin/Desktop/devProjects/sanctissimissa/src-tauri)
[1m[92m    Finished[0m `release` profile [optimized + debuginfo] target(s) in 1m 26s
[1m[32m        Info[0m symlinking lib "/home/robin/Desktop/devProjects/sanctissimissa/src-tauri/target/i686-linux-android/release/libsanctissimissa_lib.so" in jniLibs dir "/home/robin/Desktop/devProjects/sanctissimissa/src-tauri/gen/android/app/src/main/jniLibs/x86"
[1m[32m        Info[0m "/home/robin/Desktop/devProjects/sanctissimissa/src-tauri/target/i686-linux-android/release/libsanctissimissa_lib.so" requires shared lib "libandroid.so"
[1m[32m        Info[0m "/home/robin/Desktop/devProjects/sanctissimissa/src-tauri/target/i686-linux-android/release/libsanctissimissa_lib.so" requires shared lib "libdl.so"
[1m[32m        Info[0m "/home/robin/Desktop/devProjects/sanctissimissa/src-tauri/target/i686-linux-android/release/libsanctissimissa_lib.so" requires shared lib "liblog.so"
[1m[32m        Info[0m "/home/robin/Desktop/devProjects/sanctissimissa/src-tauri/target/i686-linux-android/release/libsanctissimissa_lib.so" requires shared lib "libm.so"
[1m[32m        Info[0m "/home/robin/Desktop/devProjects/sanctissimissa/src-tauri/target/i686-linux-android/release/libsanctissimissa_lib.so" requires shared lib "libc.so"
        Info connection; remote_addr=127.0.0.1:35630 conn_id=7
[1m[32m        Info[0m Using installed NDK: /home/robin/Android/Sdk/ndk/27.0.12077973
[1m[92m   Compiling[0m sanctissimissa v1.41.21298 (/home/robin/Desktop/devProjects/sanctissimissa/src-tauri)
[1m[92m    Finished[0m `release` profile [optimized + debuginfo] target(s) in 1m 26s
[1m[32m        Info[0m symlinking lib "/home/robin/Desktop/devProjects/sanctissimissa/src-tauri/target/x86_64-linux-android/release/libsanctissimissa_lib.so" in jniLibs dir "/home/robin/Desktop/devProjects/sanctissimissa/src-tauri/gen/android/app/src/main/jniLibs/x86_64"
[1m[32m        Info[0m "/home/robin/Desktop/devProjects/sanctissimissa/src-tauri/target/x86_64-linux-android/release/libsanctissimissa_lib.so" requires shared lib "libandroid.so"
[1m[32m        Info[0m "/home/robin/Desktop/devProjects/sanctissimissa/src-tauri/target/x86_64-linux-android/release/libsanctissimissa_lib.so" requires shared lib "libdl.so"
[1m[32m        Info[0m "/home/robin/Desktop/devProjects/sanctissimissa/src-tauri/target/x86_64-linux-android/release/libsanctissimissa_lib.so" requires shared lib "liblog.so"
[1m[32m        Info[0m "/home/robin/Desktop/devProjects/sanctissimissa/src-tauri/target/x86_64-linux-android/release/libsanctissimissa_lib.so" requires shared lib "libm.so"
[1m[32m        Info[0m "/home/robin/Desktop/devProjects/sanctissimissa/src-tauri/target/x86_64-linux-android/release/libsanctissimissa_lib.so" requires shared lib "libc.so"

[Incubating] Problems report is available at: file:///home/robin/Desktop/devProjects/sanctissimissa/src-tauri/gen/android/build/reports/problems/problems-report.html

Deprecated Gradle features were used in this build, making it incompatible with Gradle 9.0.

You can use '--warning-mode all' to show the individual deprecation warnings and determine if they come from your own scripts or plugins.

For more on this, please refer to https://docs.gradle.org/8.14.3/userguide/command_line_interface.html#sec:command_line_warnings in the Gradle documentation.
    Finished 1 APK at:
        /home/robin/Desktop/devProjects/sanctissimissa/src-tauri/gen/android/app/build/outputs/apk/universal/release/app-universal-release.apk

    Finished 1 AAB at:
        /home/robin/Desktop/devProjects/sanctissimissa/src-tauri/gen/android/app/build/outputs/bundle/universalRelease/app-universal-release.aab

🔧 Stage: symbols

> sanctissimissa@1.41.21298 package:android-symbols
> bash scripts/package-android-symbols.sh

arm64-v8a: application DWARF and 16 KB LOAD alignment verified
armeabi-v7a: application DWARF and 16 KB LOAD alignment verified
x86: application DWARF and 16 KB LOAD alignment verified
x86_64: application DWARF and 16 KB LOAD alignment verified
Native debug symbols → src-tauri/gen/android/app/build/outputs/native-debug-symbols/universalRelease/sanctissimissa-v1.41.21298-android-native-debug-symbols.zip
⏳ Pending collect: requires another host or earlier required stages.
⏳ Release v1.41.21298 incomplete: windows-msi, windows-msix, collect
Continue the same source, version, inputs and state on the required host: npm run build:release -- --resume-only
